Copyright 1986-2022 Xilinx, Inc. All Rights Reserved. Copyright 2022-2025 Advanced Micro Devices, Inc. All Rights Reserved.
---------------------------------------------------------------------------------------------------------------------------------------------------------------------------------------------------------------------------------------
| Tool Version : Vivado v.2025.2 (win64) Build 6299465 Fri Nov 14 19:35:11 GMT 2025
| Date         : Mon May 25 22:46:18 2026
| Host         : DESKTOP-KQLHE20 running 64-bit major release  (build 9200)
| Command      : report_timing_summary -max_paths 10 -routable_nets -report_unconstrained -file top_level_timing_summary_routed.rpt -pb top_level_timing_summary_routed.pb -rpx top_level_timing_summary_routed.rpx -warn_on_violation
| Design       : top_level
| Device       : 7a35t-cpg236
| Speed File   : -1  PRODUCTION 1.23 2018-06-13
| Design State : Routed
---------------------------------------------------------------------------------------------------------------------------------------------------------------------------------------------------------------------------------------

Timing Summary Report

------------------------------------------------------------------------------------------------
| Timer Settings
| --------------
------------------------------------------------------------------------------------------------

  Enable Multi Corner Analysis               :  Yes
  Enable Pessimism Removal                   :  Yes
  Pessimism Removal Resolution               :  Nearest Common Node
  Enable Input Delay Default Clock           :  No
  Enable Preset / Clear Arcs                 :  No
  Disable Flight Delays                      :  No
  Ignore I/O Paths                           :  No
  Timing Early Launch at Borrowing Latches   :  No
  Borrow Time for Max Delay Exceptions       :  Yes
  Merge Timing Exceptions                    :  Yes
  Inter-SLR Compensation                     :  Conservative

  Corner  Analyze    Analyze    
  Name    Max Paths  Min Paths  
  ------  ---------  ---------  
  Slow    Yes        Yes        
  Fast    Yes        Yes        


------------------------------------------------------------------------------------------------
| Report Methodology
| ------------------
------------------------------------------------------------------------------------------------

Rule       Severity          Description                    Violations  
---------  ----------------  -----------------------------  ----------  
TIMING-17  Critical Warning  Non-clocked sequential cell    36          
TIMING-18  Warning           Missing input or output delay  5           

Note: This report is based on the most recent report_methodology run and may not be up-to-date. Run report_methodology on the current design for the latest report.



check_timing report

Table of Contents
-----------------
1. checking no_clock (36)
2. checking constant_clock (0)
3. checking pulse_width_clock (0)
4. checking unconstrained_internal_endpoints (94)
5. checking no_input_delay (5)
6. checking no_output_delay (14)
7. checking multiple_clock (0)
8. checking generated_clocks (0)
9. checking loops (0)
10. checking partial_input_delay (0)
11. checking partial_output_delay (0)
12. checking latch_loops (0)

1. checking no_clock (36)
-------------------------
 There is 1 register/latch pin with no clock driven by root clock pin: vga_controller/clk_2_reg/Q (HIGH)

 There are 35 register/latch pins with no clock driven by root clock pin: vga_controller/pix_clock_reg/Q (HIGH)


2. checking constant_clock (0)
------------------------------
 There are 0 register/latch pins with constant_clock.


3. checking pulse_width_clock (0)
---------------------------------
 There are 0 register/latch pins which need pulse_width check


4. checking unconstrained_internal_endpoints (94)
-------------------------------------------------
 There are 94 pins that are not constrained for maximum delay. (HIGH)

 There are 0 pins that are not constrained for maximum delay due to constant clock.


5. checking no_input_delay (5)
------------------------------
 There are 5 input ports with no input delay specified. (HIGH)

 There are 0 input ports with no input delay but user has a false path constraint.


6. checking no_output_delay (14)
--------------------------------
 There are 14 ports with no output delay specified. (HIGH)

 There are 0 ports with no output delay but user has a false path constraint

 There are 0 ports with no output delay but with a timing clock defined on it or propagating through it


7. checking multiple_clock (0)
------------------------------
 There are 0 register/latch pins with multiple clocks.


8. checking generated_clocks (0)
--------------------------------
 There are 0 generated clocks that are not connected to a clock source.


9. checking loops (0)
---------------------
 There are 0 combinational loops in the design.


10. checking partial_input_delay (0)
------------------------------------
 There are 0 input ports with partial input delay specified.


11. checking partial_output_delay (0)
-------------------------------------
 There are 0 ports with partial output delay specified.


12. checking latch_loops (0)
----------------------------
 There are 0 combinational latch loops in the design through latch input



------------------------------------------------------------------------------------------------
| Design Timing Summary
| ---------------------
------------------------------------------------------------------------------------------------

    WNS(ns)      TNS(ns)  TNS Failing Endpoints  TNS Total Endpoints      WHS(ns)      THS(ns)  THS Failing Endpoints  THS Total Endpoints     WPWS(ns)     TPWS(ns)  TPWS Failing Endpoints  TPWS Total Endpoints  
    -------      -------  ---------------------  -------------------      -------      -------  ---------------------  -------------------     --------     --------  ----------------------  --------------------  
      6.472        0.000                      0                   53        0.198        0.000                      0                   53        4.500        0.000                       0                    43  


All user specified timing constraints are met.


------------------------------------------------------------------------------------------------
| Clock Summary
| -------------
------------------------------------------------------------------------------------------------

Clock        Waveform(ns)       Period(ns)      Frequency(MHz)
-----        ------------       ----------      --------------
sys_clk_pin  {0.000 5.000}      10.000          100.000         


------------------------------------------------------------------------------------------------
| Intra Clock Table
| -----------------
------------------------------------------------------------------------------------------------

Clock             WNS(ns)      TNS(ns)  TNS Failing Endpoints  TNS Total Endpoints      WHS(ns)      THS(ns)  THS Failing Endpoints  THS Total Endpoints     WPWS(ns)     TPWS(ns)  TPWS Failing Endpoints  TPWS Total Endpoints  
-----             -------      -------  ---------------------  -------------------      -------      -------  ---------------------  -------------------     --------     --------  ----------------------  --------------------  
sys_clk_pin         6.472        0.000                      0                   53        0.198        0.000                      0                   53        4.500        0.000                       0                    43  


------------------------------------------------------------------------------------------------
| Inter Clock Table
| -----------------
------------------------------------------------------------------------------------------------

From Clock    To Clock          WNS(ns)      TNS(ns)  TNS Failing Endpoints  TNS Total Endpoints      WHS(ns)      THS(ns)  THS Failing Endpoints  THS Total Endpoints  
----------    --------          -------      -------  ---------------------  -------------------      -------      -------  ---------------------  -------------------  


------------------------------------------------------------------------------------------------
| Other Path Groups Table
| -----------------------
------------------------------------------------------------------------------------------------

Path Group    From Clock    To Clock          WNS(ns)      TNS(ns)  TNS Failing Endpoints  TNS Total Endpoints      WHS(ns)      THS(ns)  THS Failing Endpoints  THS Total Endpoints  
----------    ----------    --------          -------      -------  ---------------------  -------------------      -------      -------  ---------------------  -------------------  


------------------------------------------------------------------------------------------------
| User Ignored Path Table
| -----------------------
------------------------------------------------------------------------------------------------

Path Group    From Clock    To Clock    
----------    ----------    --------    


------------------------------------------------------------------------------------------------
| Unconstrained Path Table
| ------------------------
------------------------------------------------------------------------------------------------

Path Group    From Clock    To Clock    
----------    ----------    --------    
(none)                                    
(none)        sys_clk_pin                 
(none)                      sys_clk_pin   


------------------------------------------------------------------------------------------------
| Timing Details
| --------------
------------------------------------------------------------------------------------------------


---------------------------------------------------------------------------------------------------
From Clock:  sys_clk_pin
  To Clock:  sys_clk_pin

Setup :            0  Failing Endpoints,  Worst Slack        6.472ns,  Total Violation        0.000ns
Hold  :            0  Failing Endpoints,  Worst Slack        0.198ns,  Total Violation        0.000ns
PW    :            0  Failing Endpoints,  Worst Slack        4.500ns,  Total Violation        0.000ns
---------------------------------------------------------------------------------------------------


Max Delay Paths
--------------------------------------------------------------------------------------
Slack (MET) :             6.472ns  (required time - arrival time)
  Source:                 snake_controller/tick_counter_reg[1]/C
                            (rising edge-triggered cell FDCE clocked by sys_clk_pin  {rise@0.000ns fall@5.000ns period=10.000ns})
  Destination:            snake_controller/tick_counter_reg[1]/D
                            (rising edge-triggered cell FDCE clocked by sys_clk_pin  {rise@0.000ns fall@5.000ns period=10.000ns})
  Path Group:             sys_clk_pin
  Path Type:              Setup (Max at Slow Process Corner)
  Requirement:            10.000ns  (sys_clk_pin rise@10.000ns - sys_clk_pin rise@0.000ns)
  Data Path Delay:        3.523ns  (logic 0.704ns (19.981%)  route 2.819ns (80.019%))
  Logic Levels:           2  (LUT4=1 LUT6=1)
  Clock Path Skew:        0.000ns (DCD - SCD + CPR)
    Destination Clock Delay (DCD):    4.855ns = ( 14.855 - 10.000 ) 
    Source Clock Delay      (SCD):    5.153ns
    Clock Pessimism Removal (CPR):    0.298ns
  Clock Uncertainty:      0.035ns  ((TSJ^2 + TIJ^2)^1/2 + DJ) / 2 + PE
    Total System Jitter     (TSJ):    0.071ns
    Total Input Jitter      (TIJ):    0.000ns
    Discrete Jitter          (DJ):    0.000ns
    Phase Error              (PE):    0.000ns

    Location             Delay type                Incr(ns)  Path(ns)    Netlist Resource(s)
  -------------------------------------------------------------------    -------------------
                         (clock sys_clk_pin rise edge)
                                                      0.000     0.000 r  
    W5                                                0.000     0.000 r  clk (IN)
                         net (fo=0)                   0.000     0.000    clk
    W5                   IBUF (Prop_ibuf_I_O)         1.458     1.458 r  clk_IBUF_inst/O
                         net (fo=1, routed)           1.967     3.425    clk_IBUF
    BUFGCTRL_X0Y0        BUFG (Prop_bufg_I_O)         0.096     3.521 r  clk_IBUF_BUFG_inst/O
                         net (fo=42, routed)          1.632     5.153    snake_controller/clk
    SLICE_X5Y38          FDCE                                         r  snake_controller/tick_counter_reg[1]/C
  -------------------------------------------------------------------    -------------------
    SLICE_X5Y38          FDCE (Prop_fdce_C_Q)         0.456     5.609 f  snake_controller/tick_counter_reg[1]/Q
                         net (fo=2, routed)           0.946     6.556    snake_controller/tick_counter_reg_n_0_[1]
    SLICE_X5Y39          LUT4 (Prop_lut4_I2_O)        0.124     6.680 r  snake_controller/tick_counter[24]_i_2/O
                         net (fo=25, routed)          1.873     8.553    snake_controller/tick_counter[24]_i_2_n_0
    SLICE_X5Y38          LUT6 (Prop_lut6_I3_O)        0.124     8.677 r  snake_controller/tick_counter[1]_i_1/O
                         net (fo=1, routed)           0.000     8.677    snake_controller/tick_counter[1]
    SLICE_X5Y38          FDCE                                         r  snake_controller/tick_counter_reg[1]/D
  -------------------------------------------------------------------    -------------------

                         (clock sys_clk_pin rise edge)
                                                     10.000    10.000 r  
    W5                                                0.000    10.000 r  clk (IN)
                         net (fo=0)                   0.000    10.000    clk
    W5                   IBUF (Prop_ibuf_I_O)         1.388    11.388 r  clk_IBUF_inst/O
                         net (fo=1, routed)           1.862    13.250    clk_IBUF
    BUFGCTRL_X0Y0        BUFG (Prop_bufg_I_O)         0.091    13.341 r  clk_IBUF_BUFG_inst/O
                         net (fo=42, routed)          1.514    14.855    snake_controller/clk
    SLICE_X5Y38          FDCE                                         r  snake_controller/tick_counter_reg[1]/C
                         clock pessimism              0.298    15.153    
                         clock uncertainty           -0.035    15.118    
    SLICE_X5Y38          FDCE (Setup_fdce_C_D)        0.031    15.149    snake_controller/tick_counter_reg[1]
  -------------------------------------------------------------------
                         required time                         15.149    
                         arrival time                          -8.677    
  -------------------------------------------------------------------
                         slack                                  6.472    

Slack (MET) :             6.496ns  (required time - arrival time)
  Source:                 snake_controller/tick_counter_reg[10]/C
                            (rising edge-triggered cell FDCE clocked by sys_clk_pin  {rise@0.000ns fall@5.000ns period=10.000ns})
  Destination:            snake_controller/tick_counter_reg[21]/D
                            (rising edge-triggered cell FDCE clocked by sys_clk_pin  {rise@0.000ns fall@5.000ns period=10.000ns})
  Path Group:             sys_clk_pin
  Path Type:              Setup (Max at Slow Process Corner)
  Requirement:            10.000ns  (sys_clk_pin rise@10.000ns - sys_clk_pin rise@0.000ns)
  Data Path Delay:        3.476ns  (logic 1.879ns (54.050%)  route 1.597ns (45.950%))
  Logic Levels:           5  (CARRY4=4 LUT6=1)
  Clock Path Skew:        -0.023ns (DCD - SCD + CPR)
    Destination Clock Delay (DCD):    4.858ns = ( 14.858 - 10.000 ) 
    Source Clock Delay      (SCD):    5.154ns
    Clock Pessimism Removal (CPR):    0.273ns
  Clock Uncertainty:      0.035ns  ((TSJ^2 + TIJ^2)^1/2 + DJ) / 2 + PE
    Total System Jitter     (TSJ):    0.071ns
    Total Input Jitter      (TIJ):    0.000ns
    Discrete Jitter          (DJ):    0.000ns
    Phase Error              (PE):    0.000ns

    Location             Delay type                Incr(ns)  Path(ns)    Netlist Resource(s)
  -------------------------------------------------------------------    -------------------
                         (clock sys_clk_pin rise edge)
                                                      0.000     0.000 r  
    W5                                                0.000     0.000 r  clk (IN)
                         net (fo=0)                   0.000     0.000    clk
    W5                   IBUF (Prop_ibuf_I_O)         1.458     1.458 r  clk_IBUF_inst/O
                         net (fo=1, routed)           1.967     3.425    clk_IBUF
    BUFGCTRL_X0Y0        BUFG (Prop_bufg_I_O)         0.096     3.521 r  clk_IBUF_BUFG_inst/O
                         net (fo=42, routed)          1.633     5.154    snake_controller/clk
    SLICE_X5Y40          FDCE                                         r  snake_controller/tick_counter_reg[10]/C
  -------------------------------------------------------------------    -------------------
    SLICE_X5Y40          FDCE (Prop_fdce_C_Q)         0.456     5.610 r  snake_controller/tick_counter_reg[10]/Q
                         net (fo=2, routed)           0.738     6.348    snake_controller/tick_counter_reg_n_0_[10]
    SLICE_X4Y40          CARRY4 (Prop_carry4_S[1]_CO[3])
                                                      0.674     7.022 r  snake_controller/tick_counter_reg[12]_i_2/CO[3]
                         net (fo=1, routed)           0.000     7.022    snake_controller/tick_counter_reg[12]_i_2_n_0
    SLICE_X4Y41          CARRY4 (Prop_carry4_CI_CO[3])
                                                      0.114     7.136 r  snake_controller/tick_counter_reg[16]_i_2/CO[3]
                         net (fo=1, routed)           0.000     7.136    snake_controller/tick_counter_reg[16]_i_2_n_0
    SLICE_X4Y42          CARRY4 (Prop_carry4_CI_CO[3])
                                                      0.114     7.250 r  snake_controller/tick_counter_reg[20]_i_2/CO[3]
                         net (fo=1, routed)           0.000     7.250    snake_controller/tick_counter_reg[20]_i_2_n_0
    SLICE_X4Y43          CARRY4 (Prop_carry4_CI_O[0])
                                                      0.222     7.472 r  snake_controller/tick_counter_reg[24]_i_4/O[0]
                         net (fo=1, routed)           0.860     8.332    snake_controller/tick_counter_reg[24]_i_4_n_7
    SLICE_X5Y43          LUT6 (Prop_lut6_I5_O)        0.299     8.631 r  snake_controller/tick_counter[21]_i_1/O
                         net (fo=1, routed)           0.000     8.631    snake_controller/tick_counter[21]
    SLICE_X5Y43          FDCE                                         r  snake_controller/tick_counter_reg[21]/D
  -------------------------------------------------------------------    -------------------

                         (clock sys_clk_pin rise edge)
                                                     10.000    10.000 r  
    W5                                                0.000    10.000 r  clk (IN)
                         net (fo=0)                   0.000    10.000    clk
    W5                   IBUF (Prop_ibuf_I_O)         1.388    11.388 r  clk_IBUF_inst/O
                         net (fo=1, routed)           1.862    13.250    clk_IBUF
    BUFGCTRL_X0Y0        BUFG (Prop_bufg_I_O)         0.091    13.341 r  clk_IBUF_BUFG_inst/O
                         net (fo=42, routed)          1.517    14.858    snake_controller/clk
    SLICE_X5Y43          FDCE                                         r  snake_controller/tick_counter_reg[21]/C
                         clock pessimism              0.273    15.131    
                         clock uncertainty           -0.035    15.096    
    SLICE_X5Y43          FDCE (Setup_fdce_C_D)        0.031    15.127    snake_controller/tick_counter_reg[21]
  -------------------------------------------------------------------
                         required time                         15.127    
                         arrival time                          -8.631    
  -------------------------------------------------------------------
                         slack                                  6.496    

Slack (MET) :             6.522ns  (required time - arrival time)
  Source:                 snake_controller/tick_counter_reg[13]/C
                            (rising edge-triggered cell FDCE clocked by sys_clk_pin  {rise@0.000ns fall@5.000ns period=10.000ns})
  Destination:            snake_controller/tick_counter_reg[22]/D
                            (rising edge-triggered cell FDCE clocked by sys_clk_pin  {rise@0.000ns fall@5.000ns period=10.000ns})
  Path Group:             sys_clk_pin
  Path Type:              Setup (Max at Slow Process Corner)
  Requirement:            10.000ns  (sys_clk_pin rise@10.000ns - sys_clk_pin rise@0.000ns)
  Data Path Delay:        3.450ns  (logic 0.828ns (23.999%)  route 2.622ns (76.001%))
  Logic Levels:           3  (LUT4=1 LUT6=2)
  Clock Path Skew:        -0.024ns (DCD - SCD + CPR)
    Destination Clock Delay (DCD):    4.858ns = ( 14.858 - 10.000 ) 
    Source Clock Delay      (SCD):    5.155ns
    Clock Pessimism Removal (CPR):    0.273ns
  Clock Uncertainty:      0.035ns  ((TSJ^2 + TIJ^2)^1/2 + DJ) / 2 + PE
    Total System Jitter     (TSJ):    0.071ns
    Total Input Jitter      (TIJ):    0.000ns
    Discrete Jitter          (DJ):    0.000ns
    Phase Error              (PE):    0.000ns

    Location             Delay type                Incr(ns)  Path(ns)    Netlist Resource(s)
  -------------------------------------------------------------------    -------------------
                         (clock sys_clk_pin rise edge)
                                                      0.000     0.000 r  
    W5                                                0.000     0.000 r  clk (IN)
                         net (fo=0)                   0.000     0.000    clk
    W5                   IBUF (Prop_ibuf_I_O)         1.458     1.458 r  clk_IBUF_inst/O
                         net (fo=1, routed)           1.967     3.425    clk_IBUF
    BUFGCTRL_X0Y0        BUFG (Prop_bufg_I_O)         0.096     3.521 r  clk_IBUF_BUFG_inst/O
                         net (fo=42, routed)          1.634     5.155    snake_controller/clk
    SLICE_X5Y41          FDCE                                         r  snake_controller/tick_counter_reg[13]/C
  -------------------------------------------------------------------    -------------------
    SLICE_X5Y41          FDCE (Prop_fdce_C_Q)         0.456     5.611 f  snake_controller/tick_counter_reg[13]/Q
                         net (fo=2, routed)           0.840     6.451    snake_controller/tick_counter_reg_n_0_[13]
    SLICE_X3Y40          LUT4 (Prop_lut4_I0_O)        0.124     6.575 r  snake_controller/tick_counter[24]_i_5/O
                         net (fo=1, routed)           0.736     7.311    snake_controller/tick_counter[24]_i_5_n_0
    SLICE_X5Y40          LUT6 (Prop_lut6_I2_O)        0.124     7.435 r  snake_controller/tick_counter[24]_i_3/O
                         net (fo=25, routed)          1.046     8.481    snake_controller/tick_counter[24]_i_3_n_0
    SLICE_X5Y43          LUT6 (Prop_lut6_I4_O)        0.124     8.605 r  snake_controller/tick_counter[22]_i_1/O
                         net (fo=1, routed)           0.000     8.605    snake_controller/tick_counter[22]
    SLICE_X5Y43          FDCE                                         r  snake_controller/tick_counter_reg[22]/D
  -------------------------------------------------------------------    -------------------

                         (clock sys_clk_pin rise edge)
                                                     10.000    10.000 r  
    W5                                                0.000    10.000 r  clk (IN)
                         net (fo=0)                   0.000    10.000    clk
    W5                   IBUF (Prop_ibuf_I_O)         1.388    11.388 r  clk_IBUF_inst/O
                         net (fo=1, routed)           1.862    13.250    clk_IBUF
    BUFGCTRL_X0Y0        BUFG (Prop_bufg_I_O)         0.091    13.341 r  clk_IBUF_BUFG_inst/O
                         net (fo=42, routed)          1.517    14.858    snake_controller/clk
    SLICE_X5Y43          FDCE                                         r  snake_controller/tick_counter_reg[22]/C
                         clock pessimism              0.273    15.131    
                         clock uncertainty           -0.035    15.096    
    SLICE_X5Y43          FDCE (Setup_fdce_C_D)        0.031    15.127    snake_controller/tick_counter_reg[22]
  -------------------------------------------------------------------
                         required time                         15.127    
                         arrival time                          -8.605    
  -------------------------------------------------------------------
                         slack                                  6.522    

Slack (MET) :             6.610ns  (required time - arrival time)
  Source:                 snake_controller/tick_counter_reg[13]/C
                            (rising edge-triggered cell FDCE clocked by sys_clk_pin  {rise@0.000ns fall@5.000ns period=10.000ns})
  Destination:            snake_controller/game_tick_reg/D
                            (rising edge-triggered cell FDCE clocked by sys_clk_pin  {rise@0.000ns fall@5.000ns period=10.000ns})
  Path Group:             sys_clk_pin
  Path Type:              Setup (Max at Slow Process Corner)
  Requirement:            10.000ns  (sys_clk_pin rise@10.000ns - sys_clk_pin rise@0.000ns)
  Data Path Delay:        3.360ns  (logic 0.828ns (24.643%)  route 2.532ns (75.357%))
  Logic Levels:           3  (LUT4=1 LUT5=1 LUT6=1)
  Clock Path Skew:        -0.024ns (DCD - SCD + CPR)
    Destination Clock Delay (DCD):    4.858ns = ( 14.858 - 10.000 ) 
    Source Clock Delay      (SCD):    5.155ns
    Clock Pessimism Removal (CPR):    0.273ns
  Clock Uncertainty:      0.035ns  ((TSJ^2 + TIJ^2)^1/2 + DJ) / 2 + PE
    Total System Jitter     (TSJ):    0.071ns
    Total Input Jitter      (TIJ):    0.000ns
    Discrete Jitter          (DJ):    0.000ns
    Phase Error              (PE):    0.000ns

    Location             Delay type                Incr(ns)  Path(ns)    Netlist Resource(s)
  -------------------------------------------------------------------    -------------------
                         (clock sys_clk_pin rise edge)
                                                      0.000     0.000 r  
    W5                                                0.000     0.000 r  clk (IN)
                         net (fo=0)                   0.000     0.000    clk
    W5                   IBUF (Prop_ibuf_I_O)         1.458     1.458 r  clk_IBUF_inst/O
                         net (fo=1, routed)           1.967     3.425    clk_IBUF
    BUFGCTRL_X0Y0        BUFG (Prop_bufg_I_O)         0.096     3.521 r  clk_IBUF_BUFG_inst/O
                         net (fo=42, routed)          1.634     5.155    snake_controller/clk
    SLICE_X5Y41          FDCE                                         r  snake_controller/tick_counter_reg[13]/C
  -------------------------------------------------------------------    -------------------
    SLICE_X5Y41          FDCE (Prop_fdce_C_Q)         0.456     5.611 r  snake_controller/tick_counter_reg[13]/Q
                         net (fo=2, routed)           0.840     6.451    snake_controller/tick_counter_reg_n_0_[13]
    SLICE_X3Y40          LUT4 (Prop_lut4_I0_O)        0.124     6.575 f  snake_controller/tick_counter[24]_i_5/O
                         net (fo=1, routed)           0.736     7.311    snake_controller/tick_counter[24]_i_5_n_0
    SLICE_X5Y40          LUT6 (Prop_lut6_I2_O)        0.124     7.435 f  snake_controller/tick_counter[24]_i_3/O
                         net (fo=25, routed)          0.956     8.391    snake_controller/tick_counter[24]_i_3_n_0
    SLICE_X5Y43          LUT5 (Prop_lut5_I4_O)        0.124     8.515 r  snake_controller/game_tick_i_1/O
                         net (fo=1, routed)           0.000     8.515    snake_controller/game_tick
    SLICE_X5Y43          FDCE                                         r  snake_controller/game_tick_reg/D
  -------------------------------------------------------------------    -------------------

                         (clock sys_clk_pin rise edge)
                                                     10.000    10.000 r  
    W5                                                0.000    10.000 r  clk (IN)
                         net (fo=0)                   0.000    10.000    clk
    W5                   IBUF (Prop_ibuf_I_O)         1.388    11.388 r  clk_IBUF_inst/O
                         net (fo=1, routed)           1.862    13.250    clk_IBUF
    BUFGCTRL_X0Y0        BUFG (Prop_bufg_I_O)         0.091    13.341 r  clk_IBUF_BUFG_inst/O
                         net (fo=42, routed)          1.517    14.858    snake_controller/clk
    SLICE_X5Y43          FDCE                                         r  snake_controller/game_tick_reg/C
                         clock pessimism              0.273    15.131    
                         clock uncertainty           -0.035    15.096    
    SLICE_X5Y43          FDCE (Setup_fdce_C_D)        0.029    15.125    snake_controller/game_tick_reg
  -------------------------------------------------------------------
                         required time                         15.125    
                         arrival time                          -8.515    
  -------------------------------------------------------------------
                         slack                                  6.610    

Slack (MET) :             6.660ns  (required time - arrival time)
  Source:                 snake_controller/tick_counter_reg[1]/C
                            (rising edge-triggered cell FDCE clocked by sys_clk_pin  {rise@0.000ns fall@5.000ns period=10.000ns})
  Destination:            snake_controller/tick_counter_reg[3]/D
                            (rising edge-triggered cell FDCE clocked by sys_clk_pin  {rise@0.000ns fall@5.000ns period=10.000ns})
  Path Group:             sys_clk_pin
  Path Type:              Setup (Max at Slow Process Corner)
  Requirement:            10.000ns  (sys_clk_pin rise@10.000ns - sys_clk_pin rise@0.000ns)
  Data Path Delay:        3.337ns  (logic 0.704ns (21.097%)  route 2.633ns (78.903%))
  Logic Levels:           2  (LUT4=1 LUT6=1)
  Clock Path Skew:        0.000ns (DCD - SCD + CPR)
    Destination Clock Delay (DCD):    4.855ns = ( 14.855 - 10.000 ) 
    Source Clock Delay      (SCD):    5.153ns
    Clock Pessimism Removal (CPR):    0.298ns
  Clock Uncertainty:      0.035ns  ((TSJ^2 + TIJ^2)^1/2 + DJ) / 2 + PE
    Total System Jitter     (TSJ):    0.071ns
    Total Input Jitter      (TIJ):    0.000ns
    Discrete Jitter          (DJ):    0.000ns
    Phase Error              (PE):    0.000ns

    Location             Delay type                Incr(ns)  Path(ns)    Netlist Resource(s)
  -------------------------------------------------------------------    -------------------
                         (clock sys_clk_pin rise edge)
                                                      0.000     0.000 r  
    W5                                                0.000     0.000 r  clk (IN)
                         net (fo=0)                   0.000     0.000    clk
    W5                   IBUF (Prop_ibuf_I_O)         1.458     1.458 r  clk_IBUF_inst/O
                         net (fo=1, routed)           1.967     3.425    clk_IBUF
    BUFGCTRL_X0Y0        BUFG (Prop_bufg_I_O)         0.096     3.521 r  clk_IBUF_BUFG_inst/O
                         net (fo=42, routed)          1.632     5.153    snake_controller/clk
    SLICE_X5Y38          FDCE                                         r  snake_controller/tick_counter_reg[1]/C
  -------------------------------------------------------------------    -------------------
    SLICE_X5Y38          FDCE (Prop_fdce_C_Q)         0.456     5.609 f  snake_controller/tick_counter_reg[1]/Q
                         net (fo=2, routed)           0.946     6.556    snake_controller/tick_counter_reg_n_0_[1]
    SLICE_X5Y39          LUT4 (Prop_lut4_I2_O)        0.124     6.680 r  snake_controller/tick_counter[24]_i_2/O
                         net (fo=25, routed)          1.686     8.366    snake_controller/tick_counter[24]_i_2_n_0
    SLICE_X5Y38          LUT6 (Prop_lut6_I3_O)        0.124     8.490 r  snake_controller/tick_counter[3]_i_1/O
                         net (fo=1, routed)           0.000     8.490    snake_controller/tick_counter[3]
    SLICE_X5Y38          FDCE                                         r  snake_controller/tick_counter_reg[3]/D
  -------------------------------------------------------------------    -------------------

                         (clock sys_clk_pin rise edge)
                                                     10.000    10.000 r  
    W5                                                0.000    10.000 r  clk (IN)
                         net (fo=0)                   0.000    10.000    clk
    W5                   IBUF (Prop_ibuf_I_O)         1.388    11.388 r  clk_IBUF_inst/O
                         net (fo=1, routed)           1.862    13.250    clk_IBUF
    BUFGCTRL_X0Y0        BUFG (Prop_bufg_I_O)         0.091    13.341 r  clk_IBUF_BUFG_inst/O
                         net (fo=42, routed)          1.514    14.855    snake_controller/clk
    SLICE_X5Y38          FDCE                                         r  snake_controller/tick_counter_reg[3]/C
                         clock pessimism              0.298    15.153    
                         clock uncertainty           -0.035    15.118    
    SLICE_X5Y38          FDCE (Setup_fdce_C_D)        0.032    15.150    snake_controller/tick_counter_reg[3]
  -------------------------------------------------------------------
                         required time                         15.150    
                         arrival time                          -8.490    
  -------------------------------------------------------------------
                         slack                                  6.660    

Slack (MET) :             6.661ns  (required time - arrival time)
  Source:                 snake_controller/tick_counter_reg[1]/C
                            (rising edge-triggered cell FDCE clocked by sys_clk_pin  {rise@0.000ns fall@5.000ns period=10.000ns})
  Destination:            snake_controller/tick_counter_reg[2]/D
                            (rising edge-triggered cell FDCE clocked by sys_clk_pin  {rise@0.000ns fall@5.000ns period=10.000ns})
  Path Group:             sys_clk_pin
  Path Type:              Setup (Max at Slow Process Corner)
  Requirement:            10.000ns  (sys_clk_pin rise@10.000ns - sys_clk_pin rise@0.000ns)
  Data Path Delay:        3.335ns  (logic 0.704ns (21.110%)  route 2.631ns (78.890%))
  Logic Levels:           2  (LUT4=1 LUT6=1)
  Clock Path Skew:        0.000ns (DCD - SCD + CPR)
    Destination Clock Delay (DCD):    4.855ns = ( 14.855 - 10.000 ) 
    Source Clock Delay      (SCD):    5.153ns
    Clock Pessimism Removal (CPR):    0.298ns
  Clock Uncertainty:      0.035ns  ((TSJ^2 + TIJ^2)^1/2 + DJ) / 2 + PE
    Total System Jitter     (TSJ):    0.071ns
    Total Input Jitter      (TIJ):    0.000ns
    Discrete Jitter          (DJ):    0.000ns
    Phase Error              (PE):    0.000ns

    Location             Delay type                Incr(ns)  Path(ns)    Netlist Resource(s)
  -------------------------------------------------------------------    -------------------
                         (clock sys_clk_pin rise edge)
                                                      0.000     0.000 r  
    W5                                                0.000     0.000 r  clk (IN)
                         net (fo=0)                   0.000     0.000    clk
    W5                   IBUF (Prop_ibuf_I_O)         1.458     1.458 r  clk_IBUF_inst/O
                         net (fo=1, routed)           1.967     3.425    clk_IBUF
    BUFGCTRL_X0Y0        BUFG (Prop_bufg_I_O)         0.096     3.521 r  clk_IBUF_BUFG_inst/O
                         net (fo=42, routed)          1.632     5.153    snake_controller/clk
    SLICE_X5Y38          FDCE                                         r  snake_controller/tick_counter_reg[1]/C
  -------------------------------------------------------------------    -------------------
    SLICE_X5Y38          FDCE (Prop_fdce_C_Q)         0.456     5.609 f  snake_controller/tick_counter_reg[1]/Q
                         net (fo=2, routed)           0.946     6.556    snake_controller/tick_counter_reg_n_0_[1]
    SLICE_X5Y39          LUT4 (Prop_lut4_I2_O)        0.124     6.680 r  snake_controller/tick_counter[24]_i_2/O
                         net (fo=25, routed)          1.684     8.364    snake_controller/tick_counter[24]_i_2_n_0
    SLICE_X5Y38          LUT6 (Prop_lut6_I3_O)        0.124     8.488 r  snake_controller/tick_counter[2]_i_1/O
                         net (fo=1, routed)           0.000     8.488    snake_controller/tick_counter[2]
    SLICE_X5Y38          FDCE                                         r  snake_controller/tick_counter_reg[2]/D
  -------------------------------------------------------------------    -------------------

                         (clock sys_clk_pin rise edge)
                                                     10.000    10.000 r  
    W5                                                0.000    10.000 r  clk (IN)
                         net (fo=0)                   0.000    10.000    clk
    W5                   IBUF (Prop_ibuf_I_O)         1.388    11.388 r  clk_IBUF_inst/O
                         net (fo=1, routed)           1.862    13.250    clk_IBUF
    BUFGCTRL_X0Y0        BUFG (Prop_bufg_I_O)         0.091    13.341 r  clk_IBUF_BUFG_inst/O
                         net (fo=42, routed)          1.514    14.855    snake_controller/clk
    SLICE_X5Y38          FDCE                                         r  snake_controller/tick_counter_reg[2]/C
                         clock pessimism              0.298    15.153    
                         clock uncertainty           -0.035    15.118    
    SLICE_X5Y38          FDCE (Setup_fdce_C_D)        0.031    15.149    snake_controller/tick_counter_reg[2]
  -------------------------------------------------------------------
                         required time                         15.149    
                         arrival time                          -8.488    
  -------------------------------------------------------------------
                         slack                                  6.661    

Slack (MET) :             6.661ns  (required time - arrival time)
  Source:                 snake_controller/tick_counter_reg[13]/C
                            (rising edge-triggered cell FDCE clocked by sys_clk_pin  {rise@0.000ns fall@5.000ns period=10.000ns})
  Destination:            snake_controller/tick_counter_reg[12]/D
                            (rising edge-triggered cell FDCE clocked by sys_clk_pin  {rise@0.000ns fall@5.000ns period=10.000ns})
  Path Group:             sys_clk_pin
  Path Type:              Setup (Max at Slow Process Corner)
  Requirement:            10.000ns  (sys_clk_pin rise@10.000ns - sys_clk_pin rise@0.000ns)
  Data Path Delay:        3.298ns  (logic 0.828ns (25.108%)  route 2.470ns (74.892%))
  Logic Levels:           3  (LUT4=1 LUT6=2)
  Clock Path Skew:        -0.037ns (DCD - SCD + CPR)
    Destination Clock Delay (DCD):    4.858ns = ( 14.858 - 10.000 ) 
    Source Clock Delay      (SCD):    5.155ns
    Clock Pessimism Removal (CPR):    0.260ns
  Clock Uncertainty:      0.035ns  ((TSJ^2 + TIJ^2)^1/2 + DJ) / 2 + PE
    Total System Jitter     (TSJ):    0.071ns
    Total Input Jitter      (TIJ):    0.000ns
    Discrete Jitter          (DJ):    0.000ns
    Phase Error              (PE):    0.000ns

    Location             Delay type                Incr(ns)  Path(ns)    Netlist Resource(s)
  -------------------------------------------------------------------    -------------------
                         (clock sys_clk_pin rise edge)
                                                      0.000     0.000 r  
    W5                                                0.000     0.000 r  clk (IN)
                         net (fo=0)                   0.000     0.000    clk
    W5                   IBUF (Prop_ibuf_I_O)         1.458     1.458 r  clk_IBUF_inst/O
                         net (fo=1, routed)           1.967     3.425    clk_IBUF
    BUFGCTRL_X0Y0        BUFG (Prop_bufg_I_O)         0.096     3.521 r  clk_IBUF_BUFG_inst/O
                         net (fo=42, routed)          1.634     5.155    snake_controller/clk
    SLICE_X5Y41          FDCE                                         r  snake_controller/tick_counter_reg[13]/C
  -------------------------------------------------------------------    -------------------
    SLICE_X5Y41          FDCE (Prop_fdce_C_Q)         0.456     5.611 f  snake_controller/tick_counter_reg[13]/Q
                         net (fo=2, routed)           0.840     6.451    snake_controller/tick_counter_reg_n_0_[13]
    SLICE_X3Y40          LUT4 (Prop_lut4_I0_O)        0.124     6.575 r  snake_controller/tick_counter[24]_i_5/O
                         net (fo=1, routed)           0.736     7.311    snake_controller/tick_counter[24]_i_5_n_0
    SLICE_X5Y40          LUT6 (Prop_lut6_I2_O)        0.124     7.435 r  snake_controller/tick_counter[24]_i_3/O
                         net (fo=25, routed)          0.894     8.329    snake_controller/tick_counter[24]_i_3_n_0
    SLICE_X3Y40          LUT6 (Prop_lut6_I4_O)        0.124     8.453 r  snake_controller/tick_counter[12]_i_1/O
                         net (fo=1, routed)           0.000     8.453    snake_controller/tick_counter[12]
    SLICE_X3Y40          FDCE                                         r  snake_controller/tick_counter_reg[12]/D
  -------------------------------------------------------------------    -------------------

                         (clock sys_clk_pin rise edge)
                                                     10.000    10.000 r  
    W5                                                0.000    10.000 r  clk (IN)
                         net (fo=0)                   0.000    10.000    clk
    W5                   IBUF (Prop_ibuf_I_O)         1.388    11.388 r  clk_IBUF_inst/O
                         net (fo=1, routed)           1.862    13.250    clk_IBUF
    BUFGCTRL_X0Y0        BUFG (Prop_bufg_I_O)         0.091    13.341 r  clk_IBUF_BUFG_inst/O
                         net (fo=42, routed)          1.517    14.858    snake_controller/clk
    SLICE_X3Y40          FDCE                                         r  snake_controller/tick_counter_reg[12]/C
                         clock pessimism              0.260    15.118    
                         clock uncertainty           -0.035    15.083    
    SLICE_X3Y40          FDCE (Setup_fdce_C_D)        0.031    15.114    snake_controller/tick_counter_reg[12]
  -------------------------------------------------------------------
                         required time                         15.114    
                         arrival time                          -8.453    
  -------------------------------------------------------------------
                         slack                                  6.661    

Slack (MET) :             6.675ns  (required time - arrival time)
  Source:                 snake_controller/tick_counter_reg[10]/C
                            (rising edge-triggered cell FDCE clocked by sys_clk_pin  {rise@0.000ns fall@5.000ns period=10.000ns})
  Destination:            snake_controller/tick_counter_reg[18]/D
                            (rising edge-triggered cell FDCE clocked by sys_clk_pin  {rise@0.000ns fall@5.000ns period=10.000ns})
  Path Group:             sys_clk_pin
  Path Type:              Setup (Max at Slow Process Corner)
  Requirement:            10.000ns  (sys_clk_pin rise@10.000ns - sys_clk_pin rise@0.000ns)
  Data Path Delay:        3.283ns  (logic 1.881ns (57.289%)  route 1.402ns (42.711%))
  Logic Levels:           4  (CARRY4=3 LUT6=1)
  Clock Path Skew:        -0.035ns (DCD - SCD + CPR)
    Destination Clock Delay (DCD):    4.859ns = ( 14.859 - 10.000 ) 
    Source Clock Delay      (SCD):    5.154ns
    Clock Pessimism Removal (CPR):    0.260ns
  Clock Uncertainty:      0.035ns  ((TSJ^2 + TIJ^2)^1/2 + DJ) / 2 + PE
    Total System Jitter     (TSJ):    0.071ns
    Total Input Jitter      (TIJ):    0.000ns
    Discrete Jitter          (DJ):    0.000ns
    Phase Error              (PE):    0.000ns

    Location             Delay type                Incr(ns)  Path(ns)    Netlist Resource(s)
  -------------------------------------------------------------------    -------------------
                         (clock sys_clk_pin rise edge)
                                                      0.000     0.000 r  
    W5                                                0.000     0.000 r  clk (IN)
                         net (fo=0)                   0.000     0.000    clk
    W5                   IBUF (Prop_ibuf_I_O)         1.458     1.458 r  clk_IBUF_inst/O
                         net (fo=1, routed)           1.967     3.425    clk_IBUF
    BUFGCTRL_X0Y0        BUFG (Prop_bufg_I_O)         0.096     3.521 r  clk_IBUF_BUFG_inst/O
                         net (fo=42, routed)          1.633     5.154    snake_controller/clk
    SLICE_X5Y40          FDCE                                         r  snake_controller/tick_counter_reg[10]/C
  -------------------------------------------------------------------    -------------------
    SLICE_X5Y40          FDCE (Prop_fdce_C_Q)         0.456     5.610 r  snake_controller/tick_counter_reg[10]/Q
                         net (fo=2, routed)           0.738     6.348    snake_controller/tick_counter_reg_n_0_[10]
    SLICE_X4Y40          CARRY4 (Prop_carry4_S[1]_CO[3])
                                                      0.674     7.022 r  snake_controller/tick_counter_reg[12]_i_2/CO[3]
                         net (fo=1, routed)           0.000     7.022    snake_controller/tick_counter_reg[12]_i_2_n_0
    SLICE_X4Y41          CARRY4 (Prop_carry4_CI_CO[3])
                                                      0.114     7.136 r  snake_controller/tick_counter_reg[16]_i_2/CO[3]
                         net (fo=1, routed)           0.000     7.136    snake_controller/tick_counter_reg[16]_i_2_n_0
    SLICE_X4Y42          CARRY4 (Prop_carry4_CI_O[1])
                                                      0.334     7.470 r  snake_controller/tick_counter_reg[20]_i_2/O[1]
                         net (fo=1, routed)           0.665     8.135    snake_controller/tick_counter_reg[20]_i_2_n_6
    SLICE_X3Y42          LUT6 (Prop_lut6_I5_O)        0.303     8.438 r  snake_controller/tick_counter[18]_i_1/O
                         net (fo=1, routed)           0.000     8.438    snake_controller/tick_counter[18]
    SLICE_X3Y42          FDCE                                         r  snake_controller/tick_counter_reg[18]/D
  -------------------------------------------------------------------    -------------------

                         (clock sys_clk_pin rise edge)
                                                     10.000    10.000 r  
    W5                                                0.000    10.000 r  clk (IN)
                         net (fo=0)                   0.000    10.000    clk
    W5                   IBUF (Prop_ibuf_I_O)         1.388    11.388 r  clk_IBUF_inst/O
                         net (fo=1, routed)           1.862    13.250    clk_IBUF
    BUFGCTRL_X0Y0        BUFG (Prop_bufg_I_O)         0.091    13.341 r  clk_IBUF_BUFG_inst/O
                         net (fo=42, routed)          1.518    14.859    snake_controller/clk
    SLICE_X3Y42          FDCE                                         r  snake_controller/tick_counter_reg[18]/C
                         clock pessimism              0.260    15.119    
                         clock uncertainty           -0.035    15.084    
    SLICE_X3Y42          FDCE (Setup_fdce_C_D)        0.029    15.113    snake_controller/tick_counter_reg[18]
  -------------------------------------------------------------------
                         required time                         15.113    
                         arrival time                          -8.438    
  -------------------------------------------------------------------
                         slack                                  6.675    

Slack (MET) :             6.716ns  (required time - arrival time)
  Source:                 snake_controller/tick_counter_reg[13]/C
                            (rising edge-triggered cell FDCE clocked by sys_clk_pin  {rise@0.000ns fall@5.000ns period=10.000ns})
  Destination:            snake_controller/tick_counter_reg[5]/D
                            (rising edge-triggered cell FDCE clocked by sys_clk_pin  {rise@0.000ns fall@5.000ns period=10.000ns})
  Path Group:             sys_clk_pin
  Path Type:              Setup (Max at Slow Process Corner)
  Requirement:            10.000ns  (sys_clk_pin rise@10.000ns - sys_clk_pin rise@0.000ns)
  Data Path Delay:        3.240ns  (logic 0.828ns (25.554%)  route 2.412ns (74.446%))
  Logic Levels:           3  (LUT4=1 LUT6=2)
  Clock Path Skew:        -0.037ns (DCD - SCD + CPR)
    Destination Clock Delay (DCD):    4.858ns = ( 14.858 - 10.000 ) 
    Source Clock Delay      (SCD):    5.155ns
    Clock Pessimism Removal (CPR):    0.260ns
  Clock Uncertainty:      0.035ns  ((TSJ^2 + TIJ^2)^1/2 + DJ) / 2 + PE
    Total System Jitter     (TSJ):    0.071ns
    Total Input Jitter      (TIJ):    0.000ns
    Discrete Jitter          (DJ):    0.000ns
    Phase Error              (PE):    0.000ns

    Location             Delay type                Incr(ns)  Path(ns)    Netlist Resource(s)
  -------------------------------------------------------------------    -------------------
                         (clock sys_clk_pin rise edge)
                                                      0.000     0.000 r  
    W5                                                0.000     0.000 r  clk (IN)
                         net (fo=0)                   0.000     0.000    clk
    W5                   IBUF (Prop_ibuf_I_O)         1.458     1.458 r  clk_IBUF_inst/O
                         net (fo=1, routed)           1.967     3.425    clk_IBUF
    BUFGCTRL_X0Y0        BUFG (Prop_bufg_I_O)         0.096     3.521 r  clk_IBUF_BUFG_inst/O
                         net (fo=42, routed)          1.634     5.155    snake_controller/clk
    SLICE_X5Y41          FDCE                                         r  snake_controller/tick_counter_reg[13]/C
  -------------------------------------------------------------------    -------------------
    SLICE_X5Y41          FDCE (Prop_fdce_C_Q)         0.456     5.611 f  snake_controller/tick_counter_reg[13]/Q
                         net (fo=2, routed)           0.840     6.451    snake_controller/tick_counter_reg_n_0_[13]
    SLICE_X3Y40          LUT4 (Prop_lut4_I0_O)        0.124     6.575 r  snake_controller/tick_counter[24]_i_5/O
                         net (fo=1, routed)           0.736     7.311    snake_controller/tick_counter[24]_i_5_n_0
    SLICE_X5Y40          LUT6 (Prop_lut6_I2_O)        0.124     7.435 r  snake_controller/tick_counter[24]_i_3/O
                         net (fo=25, routed)          0.836     8.271    snake_controller/tick_counter[24]_i_3_n_0
    SLICE_X3Y39          LUT6 (Prop_lut6_I4_O)        0.124     8.395 r  snake_controller/tick_counter[5]_i_1/O
                         net (fo=1, routed)           0.000     8.395    snake_controller/tick_counter[5]
    SLICE_X3Y39          FDCE                                         r  snake_controller/tick_counter_reg[5]/D
  -------------------------------------------------------------------    -------------------

                         (clock sys_clk_pin rise edge)
                                                     10.000    10.000 r  
    W5                                                0.000    10.000 r  clk (IN)
                         net (fo=0)                   0.000    10.000    clk
    W5                   IBUF (Prop_ibuf_I_O)         1.388    11.388 r  clk_IBUF_inst/O
                         net (fo=1, routed)           1.862    13.250    clk_IBUF
    BUFGCTRL_X0Y0        BUFG (Prop_bufg_I_O)         0.091    13.341 r  clk_IBUF_BUFG_inst/O
                         net (fo=42, routed)          1.517    14.858    snake_controller/clk
    SLICE_X3Y39          FDCE                                         r  snake_controller/tick_counter_reg[5]/C
                         clock pessimism              0.260    15.118    
                         clock uncertainty           -0.035    15.083    
    SLICE_X3Y39          FDCE (Setup_fdce_C_D)        0.029    15.112    snake_controller/tick_counter_reg[5]
  -------------------------------------------------------------------
                         required time                         15.112    
                         arrival time                          -8.395    
  -------------------------------------------------------------------
                         slack                                  6.716    

Slack (MET) :             6.725ns  (required time - arrival time)
  Source:                 snake_controller/tick_counter_reg[10]/C
                            (rising edge-triggered cell FDCE clocked by sys_clk_pin  {rise@0.000ns fall@5.000ns period=10.000ns})
  Destination:            snake_controller/tick_counter_reg[20]/D
                            (rising edge-triggered cell FDCE clocked by sys_clk_pin  {rise@0.000ns fall@5.000ns period=10.000ns})
  Path Group:             sys_clk_pin
  Path Type:              Setup (Max at Slow Process Corner)
  Requirement:            10.000ns  (sys_clk_pin rise@10.000ns - sys_clk_pin rise@0.000ns)
  Data Path Delay:        3.247ns  (logic 1.863ns (57.378%)  route 1.384ns (42.622%))
  Logic Levels:           4  (CARRY4=3 LUT6=1)
  Clock Path Skew:        -0.024ns (DCD - SCD + CPR)
    Destination Clock Delay (DCD):    4.857ns = ( 14.857 - 10.000 ) 
    Source Clock Delay      (SCD):    5.154ns
    Clock Pessimism Removal (CPR):    0.273ns
  Clock Uncertainty:      0.035ns  ((TSJ^2 + TIJ^2)^1/2 + DJ) / 2 + PE
    Total System Jitter     (TSJ):    0.071ns
    Total Input Jitter      (TIJ):    0.000ns
    Discrete Jitter          (DJ):    0.000ns
    Phase Error              (PE):    0.000ns

    Location             Delay type                Incr(ns)  Path(ns)    Netlist Resource(s)
  -------------------------------------------------------------------    -------------------
                         (clock sys_clk_pin rise edge)
                                                      0.000     0.000 r  
    W5                                                0.000     0.000 r  clk (IN)
                         net (fo=0)                   0.000     0.000    clk
    W5                   IBUF (Prop_ibuf_I_O)         1.458     1.458 r  clk_IBUF_inst/O
                         net (fo=1, routed)           1.967     3.425    clk_IBUF
    BUFGCTRL_X0Y0        BUFG (Prop_bufg_I_O)         0.096     3.521 r  clk_IBUF_BUFG_inst/O
                         net (fo=42, routed)          1.633     5.154    snake_controller/clk
    SLICE_X5Y40          FDCE                                         r  snake_controller/tick_counter_reg[10]/C
  -------------------------------------------------------------------    -------------------
    SLICE_X5Y40          FDCE (Prop_fdce_C_Q)         0.456     5.610 r  snake_controller/tick_counter_reg[10]/Q
                         net (fo=2, routed)           0.738     6.348    snake_controller/tick_counter_reg_n_0_[10]
    SLICE_X4Y40          CARRY4 (Prop_carry4_S[1]_CO[3])
                                                      0.674     7.022 r  snake_controller/tick_counter_reg[12]_i_2/CO[3]
                         net (fo=1, routed)           0.000     7.022    snake_controller/tick_counter_reg[12]_i_2_n_0
    SLICE_X4Y41          CARRY4 (Prop_carry4_CI_CO[3])
                                                      0.114     7.136 r  snake_controller/tick_counter_reg[16]_i_2/CO[3]
                         net (fo=1, routed)           0.000     7.136    snake_controller/tick_counter_reg[16]_i_2_n_0
    SLICE_X4Y42          CARRY4 (Prop_carry4_CI_O[3])
                                                      0.313     7.449 r  snake_controller/tick_counter_reg[20]_i_2/O[3]
                         net (fo=1, routed)           0.646     8.095    snake_controller/tick_counter_reg[20]_i_2_n_4
    SLICE_X5Y42          LUT6 (Prop_lut6_I5_O)        0.306     8.401 r  snake_controller/tick_counter[20]_i_1/O
                         net (fo=1, routed)           0.000     8.401    snake_controller/tick_counter[20]
    SLICE_X5Y42          FDCE                                         r  snake_controller/tick_counter_reg[20]/D
  -------------------------------------------------------------------    -------------------

                         (clock sys_clk_pin rise edge)
                                                     10.000    10.000 r  
    W5                                                0.000    10.000 r  clk (IN)
                         net (fo=0)                   0.000    10.000    clk
    W5                   IBUF (Prop_ibuf_I_O)         1.388    11.388 r  clk_IBUF_inst/O
                         net (fo=1, routed)           1.862    13.250    clk_IBUF
    BUFGCTRL_X0Y0        BUFG (Prop_bufg_I_O)         0.091    13.341 r  clk_IBUF_BUFG_inst/O
                         net (fo=42, routed)          1.516    14.857    snake_controller/clk
    SLICE_X5Y42          FDCE                                         r  snake_controller/tick_counter_reg[20]/C
                         clock pessimism              0.273    15.130    
                         clock uncertainty           -0.035    15.095    
    SLICE_X5Y42          FDCE (Setup_fdce_C_D)        0.031    15.126    snake_controller/tick_counter_reg[20]
  -------------------------------------------------------------------
                         required time                         15.126    
                         arrival time                          -8.401    
  -------------------------------------------------------------------
                         slack                                  6.725    





Min Delay Paths
--------------------------------------------------------------------------------------
Slack (MET) :             0.198ns  (arrival time - required time)
  Source:                 snake_controller/head_x_reg[3]/C
                            (rising edge-triggered cell FDCE clocked by sys_clk_pin  {rise@0.000ns fall@5.000ns period=10.000ns})
  Destination:            snake_controller/head_x_reg[4]/D
                            (rising edge-triggered cell FDPE clocked by sys_clk_pin  {rise@0.000ns fall@5.000ns period=10.000ns})
  Path Group:             sys_clk_pin
  Path Type:              Hold (Min at Fast Process Corner)
  Requirement:            0.000ns  (sys_clk_pin rise@0.000ns - sys_clk_pin rise@0.000ns)
  Data Path Delay:        0.319ns  (logic 0.246ns (77.136%)  route 0.073ns (22.864%))
  Logic Levels:           1  (LUT6=1)
  Clock Path Skew:        0.000ns (DCD - SCD - CPR)
    Destination Clock Delay (DCD):    1.989ns
    Source Clock Delay      (SCD):    1.474ns
    Clock Pessimism Removal (CPR):    0.515ns

    Location             Delay type                Incr(ns)  Path(ns)    Netlist Resource(s)
  -------------------------------------------------------------------    -------------------
                         (clock sys_clk_pin rise edge)
                                                      0.000     0.000 r  
    W5                                                0.000     0.000 r  clk (IN)
                         net (fo=0)                   0.000     0.000    clk
    W5                   IBUF (Prop_ibuf_I_O)         0.226     0.226 r  clk_IBUF_inst/O
                         net (fo=1, routed)           0.631     0.858    clk_IBUF
    BUFGCTRL_X0Y0        BUFG (Prop_bufg_I_O)         0.026     0.884 r  clk_IBUF_BUFG_inst/O
                         net (fo=42, routed)          0.591     1.474    snake_controller/clk
    SLICE_X6Y53          FDCE                                         r  snake_controller/head_x_reg[3]/C
  -------------------------------------------------------------------    -------------------
    SLICE_X6Y53          FDCE (Prop_fdce_C_Q)         0.148     1.622 r  snake_controller/head_x_reg[3]/Q
                         net (fo=30, routed)          0.073     1.695    snake_controller/head_x__0[3]
    SLICE_X6Y53          LUT6 (Prop_lut6_I5_O)        0.098     1.793 r  snake_controller/head_x[4]_i_1/O
                         net (fo=1, routed)           0.000     1.793    snake_controller/head_x[4]_i_1_n_0
    SLICE_X6Y53          FDPE                                         r  snake_controller/head_x_reg[4]/D
  -------------------------------------------------------------------    -------------------

                         (clock sys_clk_pin rise edge)
                                                      0.000     0.000 r  
    W5                                                0.000     0.000 r  clk (IN)
                         net (fo=0)                   0.000     0.000    clk
    W5                   IBUF (Prop_ibuf_I_O)         0.414     0.414 r  clk_IBUF_inst/O
                         net (fo=1, routed)           0.685     1.099    clk_IBUF
    BUFGCTRL_X0Y0        BUFG (Prop_bufg_I_O)         0.029     1.128 r  clk_IBUF_BUFG_inst/O
                         net (fo=42, routed)          0.861     1.989    snake_controller/clk
    SLICE_X6Y53          FDPE                                         r  snake_controller/head_x_reg[4]/C
                         clock pessimism             -0.515     1.474    
    SLICE_X6Y53          FDPE (Hold_fdpe_C_D)         0.121     1.595    snake_controller/head_x_reg[4]
  -------------------------------------------------------------------
                         required time                         -1.595    
                         arrival time                           1.793    
  -------------------------------------------------------------------
                         slack                                  0.198    

Slack (MET) :             0.206ns  (arrival time - required time)
  Source:                 snake_controller/head_x_reg[1]/C
                            (rising edge-triggered cell FDCE clocked by sys_clk_pin  {rise@0.000ns fall@5.000ns period=10.000ns})
  Destination:            snake_controller/head_x_reg[3]/D
                            (rising edge-triggered cell FDCE clocked by sys_clk_pin  {rise@0.000ns fall@5.000ns period=10.000ns})
  Path Group:             sys_clk_pin
  Path Type:              Hold (Min at Fast Process Corner)
  Requirement:            0.000ns  (sys_clk_pin rise@0.000ns - sys_clk_pin rise@0.000ns)
  Data Path Delay:        0.350ns  (logic 0.187ns (53.376%)  route 0.163ns (46.624%))
  Logic Levels:           1  (LUT5=1)
  Clock Path Skew:        0.013ns (DCD - SCD - CPR)
    Destination Clock Delay (DCD):    1.989ns
    Source Clock Delay      (SCD):    1.474ns
    Clock Pessimism Removal (CPR):    0.502ns

    Location             Delay type                Incr(ns)  Path(ns)    Netlist Resource(s)
  -------------------------------------------------------------------    -------------------
                         (clock sys_clk_pin rise edge)
                                                      0.000     0.000 r  
    W5                                                0.000     0.000 r  clk (IN)
                         net (fo=0)                   0.000     0.000    clk
    W5                   IBUF (Prop_ibuf_I_O)         0.226     0.226 r  clk_IBUF_inst/O
                         net (fo=1, routed)           0.631     0.858    clk_IBUF
    BUFGCTRL_X0Y0        BUFG (Prop_bufg_I_O)         0.026     0.884 r  clk_IBUF_BUFG_inst/O
                         net (fo=42, routed)          0.591     1.474    snake_controller/clk
    SLICE_X7Y53          FDCE                                         r  snake_controller/head_x_reg[1]/C
  -------------------------------------------------------------------    -------------------
    SLICE_X7Y53          FDCE (Prop_fdce_C_Q)         0.141     1.615 r  snake_controller/head_x_reg[1]/Q
                         net (fo=152, routed)         0.163     1.779    snake_controller/head_x__0[1]
    SLICE_X6Y53          LUT5 (Prop_lut5_I3_O)        0.046     1.825 r  snake_controller/head_x[3]_i_1/O
                         net (fo=1, routed)           0.000     1.825    snake_controller/head_x[3]_i_1_n_0
    SLICE_X6Y53          FDCE                                         r  snake_controller/head_x_reg[3]/D
  -------------------------------------------------------------------    -------------------

                         (clock sys_clk_pin rise edge)
                                                      0.000     0.000 r  
    W5                                                0.000     0.000 r  clk (IN)
                         net (fo=0)                   0.000     0.000    clk
    W5                   IBUF (Prop_ibuf_I_O)         0.414     0.414 r  clk_IBUF_inst/O
                         net (fo=1, routed)           0.685     1.099    clk_IBUF
    BUFGCTRL_X0Y0        BUFG (Prop_bufg_I_O)         0.029     1.128 r  clk_IBUF_BUFG_inst/O
                         net (fo=42, routed)          0.861     1.989    snake_controller/clk
    SLICE_X6Y53          FDCE                                         r  snake_controller/head_x_reg[3]/C
                         clock pessimism             -0.502     1.487    
    SLICE_X6Y53          FDCE (Hold_fdce_C_D)         0.131     1.618    snake_controller/head_x_reg[3]
  -------------------------------------------------------------------
                         required time                         -1.618    
                         arrival time                           1.825    
  -------------------------------------------------------------------
                         slack                                  0.206    

Slack (MET) :             0.207ns  (arrival time - required time)
  Source:                 snake_controller/head_y_reg[0]/C
                            (rising edge-triggered cell FDCE clocked by sys_clk_pin  {rise@0.000ns fall@5.000ns period=10.000ns})
  Destination:            snake_controller/head_y_reg[2]/D
                            (rising edge-triggered cell FDPE clocked by sys_clk_pin  {rise@0.000ns fall@5.000ns period=10.000ns})
  Path Group:             sys_clk_pin
  Path Type:              Hold (Min at Fast Process Corner)
  Requirement:            0.000ns  (sys_clk_pin rise@0.000ns - sys_clk_pin rise@0.000ns)
  Data Path Delay:        0.344ns  (logic 0.186ns (54.007%)  route 0.158ns (45.993%))
  Logic Levels:           1  (LUT6=1)
  Clock Path Skew:        0.016ns (DCD - SCD - CPR)
    Destination Clock Delay (DCD):    1.990ns
    Source Clock Delay      (SCD):    1.475ns
    Clock Pessimism Removal (CPR):    0.499ns

    Location             Delay type                Incr(ns)  Path(ns)    Netlist Resource(s)
  -------------------------------------------------------------------    -------------------
                         (clock sys_clk_pin rise edge)
                                                      0.000     0.000 r  
    W5                                                0.000     0.000 r  clk (IN)
                         net (fo=0)                   0.000     0.000    clk
    W5                   IBUF (Prop_ibuf_I_O)         0.226     0.226 r  clk_IBUF_inst/O
                         net (fo=1, routed)           0.631     0.858    clk_IBUF
    BUFGCTRL_X0Y0        BUFG (Prop_bufg_I_O)         0.026     0.884 r  clk_IBUF_BUFG_inst/O
                         net (fo=42, routed)          0.592     1.475    snake_controller/clk
    SLICE_X5Y52          FDCE                                         r  snake_controller/head_y_reg[0]/C
  -------------------------------------------------------------------    -------------------
    SLICE_X5Y52          FDCE (Prop_fdce_C_Q)         0.141     1.616 r  snake_controller/head_y_reg[0]/Q
                         net (fo=29, routed)          0.158     1.775    snake_controller/head_y_reg_n_0_[0]
    SLICE_X6Y52          LUT6 (Prop_lut6_I1_O)        0.045     1.820 r  snake_controller/head_y[2]_i_1/O
                         net (fo=1, routed)           0.000     1.820    snake_controller/head_y[2]_i_1_n_0
    SLICE_X6Y52          FDPE                                         r  snake_controller/head_y_reg[2]/D
  -------------------------------------------------------------------    -------------------

                         (clock sys_clk_pin rise edge)
                                                      0.000     0.000 r  
    W5                                                0.000     0.000 r  clk (IN)
                         net (fo=0)                   0.000     0.000    clk
    W5                   IBUF (Prop_ibuf_I_O)         0.414     0.414 r  clk_IBUF_inst/O
                         net (fo=1, routed)           0.685     1.099    clk_IBUF
    BUFGCTRL_X0Y0        BUFG (Prop_bufg_I_O)         0.029     1.128 r  clk_IBUF_BUFG_inst/O
                         net (fo=42, routed)          0.863     1.990    snake_controller/clk
    SLICE_X6Y52          FDPE                                         r  snake_controller/head_y_reg[2]/C
                         clock pessimism             -0.499     1.491    
    SLICE_X6Y52          FDPE (Hold_fdpe_C_D)         0.121     1.612    snake_controller/head_y_reg[2]
  -------------------------------------------------------------------
                         required time                         -1.612    
                         arrival time                           1.820    
  -------------------------------------------------------------------
                         slack                                  0.207    

Slack (MET) :             0.209ns  (arrival time - required time)
  Source:                 snake_controller/head_y_reg[0]/C
                            (rising edge-triggered cell FDCE clocked by sys_clk_pin  {rise@0.000ns fall@5.000ns period=10.000ns})
  Destination:            snake_controller/head_y_reg[4]/D
                            (rising edge-triggered cell FDCE clocked by sys_clk_pin  {rise@0.000ns fall@5.000ns period=10.000ns})
  Path Group:             sys_clk_pin
  Path Type:              Hold (Min at Fast Process Corner)
  Requirement:            0.000ns  (sys_clk_pin rise@0.000ns - sys_clk_pin rise@0.000ns)
  Data Path Delay:        0.346ns  (logic 0.186ns (53.695%)  route 0.160ns (46.305%))
  Logic Levels:           1  (LUT6=1)
  Clock Path Skew:        0.016ns (DCD - SCD - CPR)
    Destination Clock Delay (DCD):    1.990ns
    Source Clock Delay      (SCD):    1.475ns
    Clock Pessimism Removal (CPR):    0.499ns

    Location             Delay type                Incr(ns)  Path(ns)    Netlist Resource(s)
  -------------------------------------------------------------------    -------------------
                         (clock sys_clk_pin rise edge)
                                                      0.000     0.000 r  
    W5                                                0.000     0.000 r  clk (IN)
                         net (fo=0)                   0.000     0.000    clk
    W5                   IBUF (Prop_ibuf_I_O)         0.226     0.226 r  clk_IBUF_inst/O
                         net (fo=1, routed)           0.631     0.858    clk_IBUF
    BUFGCTRL_X0Y0        BUFG (Prop_bufg_I_O)         0.026     0.884 r  clk_IBUF_BUFG_inst/O
                         net (fo=42, routed)          0.592     1.475    snake_controller/clk
    SLICE_X5Y52          FDCE                                         r  snake_controller/head_y_reg[0]/C
  -------------------------------------------------------------------    -------------------
    SLICE_X5Y52          FDCE (Prop_fdce_C_Q)         0.141     1.616 r  snake_controller/head_y_reg[0]/Q
                         net (fo=29, routed)          0.160     1.777    snake_controller/head_y_reg_n_0_[0]
    SLICE_X6Y52          LUT6 (Prop_lut6_I0_O)        0.045     1.822 r  snake_controller/head_y[4]_i_2/O
                         net (fo=1, routed)           0.000     1.822    snake_controller/head_y[4]_i_2_n_0
    SLICE_X6Y52          FDCE                                         r  snake_controller/head_y_reg[4]/D
  -------------------------------------------------------------------    -------------------

                         (clock sys_clk_pin rise edge)
                                                      0.000     0.000 r  
    W5                                                0.000     0.000 r  clk (IN)
                         net (fo=0)                   0.000     0.000    clk
    W5                   IBUF (Prop_ibuf_I_O)         0.414     0.414 r  clk_IBUF_inst/O
                         net (fo=1, routed)           0.685     1.099    clk_IBUF
    BUFGCTRL_X0Y0        BUFG (Prop_bufg_I_O)         0.029     1.128 r  clk_IBUF_BUFG_inst/O
                         net (fo=42, routed)          0.863     1.990    snake_controller/clk
    SLICE_X6Y52          FDCE                                         r  snake_controller/head_y_reg[4]/C
                         clock pessimism             -0.499     1.491    
    SLICE_X6Y52          FDCE (Hold_fdce_C_D)         0.121     1.612    snake_controller/head_y_reg[4]
  -------------------------------------------------------------------
                         required time                         -1.612    
                         arrival time                           1.822    
  -------------------------------------------------------------------
                         slack                                  0.209    

Slack (MET) :             0.239ns  (arrival time - required time)
  Source:                 snake_controller/next_dir_reg[0]/C
                            (rising edge-triggered cell FDPE clocked by sys_clk_pin  {rise@0.000ns fall@5.000ns period=10.000ns})
  Destination:            snake_controller/head_y_reg[3]/D
                            (rising edge-triggered cell FDPE clocked by sys_clk_pin  {rise@0.000ns fall@5.000ns period=10.000ns})
  Path Group:             sys_clk_pin
  Path Type:              Hold (Min at Fast Process Corner)
  Requirement:            0.000ns  (sys_clk_pin rise@0.000ns - sys_clk_pin rise@0.000ns)
  Data Path Delay:        0.632ns  (logic 0.227ns (35.918%)  route 0.405ns (64.082%))
  Logic Levels:           1  (LUT6=1)
  Clock Path Skew:        0.272ns (DCD - SCD - CPR)
    Destination Clock Delay (DCD):    1.990ns
    Source Clock Delay      (SCD):    1.474ns
    Clock Pessimism Removal (CPR):    0.244ns

    Location             Delay type                Incr(ns)  Path(ns)    Netlist Resource(s)
  -------------------------------------------------------------------    -------------------
                         (clock sys_clk_pin rise edge)
                                                      0.000     0.000 r  
    W5                                                0.000     0.000 r  clk (IN)
                         net (fo=0)                   0.000     0.000    clk
    W5                   IBUF (Prop_ibuf_I_O)         0.226     0.226 r  clk_IBUF_inst/O
                         net (fo=1, routed)           0.631     0.858    clk_IBUF
    BUFGCTRL_X0Y0        BUFG (Prop_bufg_I_O)         0.026     0.884 r  clk_IBUF_BUFG_inst/O
                         net (fo=42, routed)          0.591     1.474    snake_controller/clk
    SLICE_X5Y38          FDPE                                         r  snake_controller/next_dir_reg[0]/C
  -------------------------------------------------------------------    -------------------
    SLICE_X5Y38          FDPE (Prop_fdpe_C_Q)         0.128     1.602 r  snake_controller/next_dir_reg[0]/Q
                         net (fo=13, routed)          0.405     2.007    snake_controller/next_dir_reg_n_0_[0]
    SLICE_X6Y52          LUT6 (Prop_lut6_I5_O)        0.099     2.106 r  snake_controller/head_y[3]_i_1/O
                         net (fo=1, routed)           0.000     2.106    snake_controller/head_y[3]_i_1_n_0
    SLICE_X6Y52          FDPE                                         r  snake_controller/head_y_reg[3]/D
  -------------------------------------------------------------------    -------------------

                         (clock sys_clk_pin rise edge)
                                                      0.000     0.000 r  
    W5                                                0.000     0.000 r  clk (IN)
                         net (fo=0)                   0.000     0.000    clk
    W5                   IBUF (Prop_ibuf_I_O)         0.414     0.414 r  clk_IBUF_inst/O
                         net (fo=1, routed)           0.685     1.099    clk_IBUF
    BUFGCTRL_X0Y0        BUFG (Prop_bufg_I_O)         0.029     1.128 r  clk_IBUF_BUFG_inst/O
                         net (fo=42, routed)          0.863     1.990    snake_controller/clk
    SLICE_X6Y52          FDPE                                         r  snake_controller/head_y_reg[3]/C
                         clock pessimism             -0.244     1.746    
    SLICE_X6Y52          FDPE (Hold_fdpe_C_D)         0.121     1.867    snake_controller/head_y_reg[3]
  -------------------------------------------------------------------
                         required time                         -1.867    
                         arrival time                           2.106    
  -------------------------------------------------------------------
                         slack                                  0.239    

Slack (MET) :             0.241ns  (arrival time - required time)
  Source:                 snake_controller/head_y_reg[2]/C
                            (rising edge-triggered cell FDPE clocked by sys_clk_pin  {rise@0.000ns fall@5.000ns period=10.000ns})
  Destination:            snake_controller/head_y_reg[0]/D
                            (rising edge-triggered cell FDCE clocked by sys_clk_pin  {rise@0.000ns fall@5.000ns period=10.000ns})
  Path Group:             sys_clk_pin
  Path Type:              Hold (Min at Fast Process Corner)
  Requirement:            0.000ns  (sys_clk_pin rise@0.000ns - sys_clk_pin rise@0.000ns)
  Data Path Delay:        0.348ns  (logic 0.209ns (59.981%)  route 0.139ns (40.019%))
  Logic Levels:           1  (LUT6=1)
  Clock Path Skew:        0.016ns (DCD - SCD - CPR)
    Destination Clock Delay (DCD):    1.990ns
    Source Clock Delay      (SCD):    1.475ns
    Clock Pessimism Removal (CPR):    0.499ns

    Location             Delay type                Incr(ns)  Path(ns)    Netlist Resource(s)
  -------------------------------------------------------------------    -------------------
                         (clock sys_clk_pin rise edge)
                                                      0.000     0.000 r  
    W5                                                0.000     0.000 r  clk (IN)
                         net (fo=0)                   0.000     0.000    clk
    W5                   IBUF (Prop_ibuf_I_O)         0.226     0.226 r  clk_IBUF_inst/O
                         net (fo=1, routed)           0.631     0.858    clk_IBUF
    BUFGCTRL_X0Y0        BUFG (Prop_bufg_I_O)         0.026     0.884 r  clk_IBUF_BUFG_inst/O
                         net (fo=42, routed)          0.592     1.475    snake_controller/clk
    SLICE_X6Y52          FDPE                                         r  snake_controller/head_y_reg[2]/C
  -------------------------------------------------------------------    -------------------
    SLICE_X6Y52          FDPE (Prop_fdpe_C_Q)         0.164     1.639 r  snake_controller/head_y_reg[2]/Q
                         net (fo=57, routed)          0.139     1.779    snake_controller/head_y_reg_n_0_[2]
    SLICE_X5Y52          LUT6 (Prop_lut6_I2_O)        0.045     1.824 r  snake_controller/head_y[0]_i_1/O
                         net (fo=1, routed)           0.000     1.824    snake_controller/head_y[0]_i_1_n_0
    SLICE_X5Y52          FDCE                                         r  snake_controller/head_y_reg[0]/D
  -------------------------------------------------------------------    -------------------

                         (clock sys_clk_pin rise edge)
                                                      0.000     0.000 r  
    W5                                                0.000     0.000 r  clk (IN)
                         net (fo=0)                   0.000     0.000    clk
    W5                   IBUF (Prop_ibuf_I_O)         0.414     0.414 r  clk_IBUF_inst/O
                         net (fo=1, routed)           0.685     1.099    clk_IBUF
    BUFGCTRL_X0Y0        BUFG (Prop_bufg_I_O)         0.029     1.128 r  clk_IBUF_BUFG_inst/O
                         net (fo=42, routed)          0.863     1.990    snake_controller/clk
    SLICE_X5Y52          FDCE                                         r  snake_controller/head_y_reg[0]/C
                         clock pessimism             -0.499     1.491    
    SLICE_X5Y52          FDCE (Hold_fdce_C_D)         0.091     1.582    snake_controller/head_y_reg[0]
  -------------------------------------------------------------------
                         required time                         -1.582    
                         arrival time                           1.824    
  -------------------------------------------------------------------
                         slack                                  0.241    

Slack (MET) :             0.242ns  (arrival time - required time)
  Source:                 snake_controller/next_dir_reg[0]/C
                            (rising edge-triggered cell FDPE clocked by sys_clk_pin  {rise@0.000ns fall@5.000ns period=10.000ns})
  Destination:            snake_controller/head_y_reg[1]/D
                            (rising edge-triggered cell FDCE clocked by sys_clk_pin  {rise@0.000ns fall@5.000ns period=10.000ns})
  Path Group:             sys_clk_pin
  Path Type:              Hold (Min at Fast Process Corner)
  Requirement:            0.000ns  (sys_clk_pin rise@0.000ns - sys_clk_pin rise@0.000ns)
  Data Path Delay:        0.634ns  (logic 0.227ns (35.805%)  route 0.407ns (64.195%))
  Logic Levels:           1  (LUT6=1)
  Clock Path Skew:        0.272ns (DCD - SCD - CPR)
    Destination Clock Delay (DCD):    1.990ns
    Source Clock Delay      (SCD):    1.474ns
    Clock Pessimism Removal (CPR):    0.244ns

    Location             Delay type                Incr(ns)  Path(ns)    Netlist Resource(s)
  -------------------------------------------------------------------    -------------------
                         (clock sys_clk_pin rise edge)
                                                      0.000     0.000 r  
    W5                                                0.000     0.000 r  clk (IN)
                         net (fo=0)                   0.000     0.000    clk
    W5                   IBUF (Prop_ibuf_I_O)         0.226     0.226 r  clk_IBUF_inst/O
                         net (fo=1, routed)           0.631     0.858    clk_IBUF
    BUFGCTRL_X0Y0        BUFG (Prop_bufg_I_O)         0.026     0.884 r  clk_IBUF_BUFG_inst/O
                         net (fo=42, routed)          0.591     1.474    snake_controller/clk
    SLICE_X5Y38          FDPE                                         r  snake_controller/next_dir_reg[0]/C
  -------------------------------------------------------------------    -------------------
    SLICE_X5Y38          FDPE (Prop_fdpe_C_Q)         0.128     1.602 r  snake_controller/next_dir_reg[0]/Q
                         net (fo=13, routed)          0.407     2.009    snake_controller/next_dir_reg_n_0_[0]
    SLICE_X6Y52          LUT6 (Prop_lut6_I0_O)        0.099     2.108 r  snake_controller/head_y[1]_i_1/O
                         net (fo=1, routed)           0.000     2.108    snake_controller/head_y[1]_i_1_n_0
    SLICE_X6Y52          FDCE                                         r  snake_controller/head_y_reg[1]/D
  -------------------------------------------------------------------    -------------------

                         (clock sys_clk_pin rise edge)
                                                      0.000     0.000 r  
    W5                                                0.000     0.000 r  clk (IN)
                         net (fo=0)                   0.000     0.000    clk
    W5                   IBUF (Prop_ibuf_I_O)         0.414     0.414 r  clk_IBUF_inst/O
                         net (fo=1, routed)           0.685     1.099    clk_IBUF
    BUFGCTRL_X0Y0        BUFG (Prop_bufg_I_O)         0.029     1.128 r  clk_IBUF_BUFG_inst/O
                         net (fo=42, routed)          0.863     1.990    snake_controller/clk
    SLICE_X6Y52          FDCE                                         r  snake_controller/head_y_reg[1]/C
                         clock pessimism             -0.244     1.746    
    SLICE_X6Y52          FDCE (Hold_fdce_C_D)         0.120     1.866    snake_controller/head_y_reg[1]
  -------------------------------------------------------------------
                         required time                         -1.866    
                         arrival time                           2.108    
  -------------------------------------------------------------------
                         slack                                  0.242    

Slack (MET) :             0.253ns  (arrival time - required time)
  Source:                 snake_controller/tick_counter_reg[23]/C
                            (rising edge-triggered cell FDCE clocked by sys_clk_pin  {rise@0.000ns fall@5.000ns period=10.000ns})
  Destination:            snake_controller/game_tick_reg/D
                            (rising edge-triggered cell FDCE clocked by sys_clk_pin  {rise@0.000ns fall@5.000ns period=10.000ns})
  Path Group:             sys_clk_pin
  Path Type:              Hold (Min at Fast Process Corner)
  Requirement:            0.000ns  (sys_clk_pin rise@0.000ns - sys_clk_pin rise@0.000ns)
  Data Path Delay:        0.344ns  (logic 0.186ns (54.136%)  route 0.158ns (45.864%))
  Logic Levels:           1  (LUT5=1)
  Clock Path Skew:        0.000ns (DCD - SCD - CPR)
    Destination Clock Delay (DCD):    1.991ns
    Source Clock Delay      (SCD):    1.476ns
    Clock Pessimism Removal (CPR):    0.515ns

    Location             Delay type                Incr(ns)  Path(ns)    Netlist Resource(s)
  -------------------------------------------------------------------    -------------------
                         (clock sys_clk_pin rise edge)
                                                      0.000     0.000 r  
    W5                                                0.000     0.000 r  clk (IN)
                         net (fo=0)                   0.000     0.000    clk
    W5                   IBUF (Prop_ibuf_I_O)         0.226     0.226 r  clk_IBUF_inst/O
                         net (fo=1, routed)           0.631     0.858    clk_IBUF
    BUFGCTRL_X0Y0        BUFG (Prop_bufg_I_O)         0.026     0.884 r  clk_IBUF_BUFG_inst/O
                         net (fo=42, routed)          0.593     1.476    snake_controller/clk
    SLICE_X5Y43          FDCE                                         r  snake_controller/tick_counter_reg[23]/C
  -------------------------------------------------------------------    -------------------
    SLICE_X5Y43          FDCE (Prop_fdce_C_Q)         0.141     1.617 f  snake_controller/tick_counter_reg[23]/Q
                         net (fo=26, routed)          0.158     1.775    snake_controller/tick_counter_reg_n_0_[23]
    SLICE_X5Y43          LUT5 (Prop_lut5_I1_O)        0.045     1.820 r  snake_controller/game_tick_i_1/O
                         net (fo=1, routed)           0.000     1.820    snake_controller/game_tick
    SLICE_X5Y43          FDCE                                         r  snake_controller/game_tick_reg/D
  -------------------------------------------------------------------    -------------------

                         (clock sys_clk_pin rise edge)
                                                      0.000     0.000 r  
    W5                                                0.000     0.000 r  clk (IN)
                         net (fo=0)                   0.000     0.000    clk
    W5                   IBUF (Prop_ibuf_I_O)         0.414     0.414 r  clk_IBUF_inst/O
                         net (fo=1, routed)           0.685     1.099    clk_IBUF
    BUFGCTRL_X0Y0        BUFG (Prop_bufg_I_O)         0.029     1.128 r  clk_IBUF_BUFG_inst/O
                         net (fo=42, routed)          0.864     1.991    snake_controller/clk
    SLICE_X5Y43          FDCE                                         r  snake_controller/game_tick_reg/C
                         clock pessimism             -0.515     1.476    
    SLICE_X5Y43          FDCE (Hold_fdce_C_D)         0.091     1.567    snake_controller/game_tick_reg
  -------------------------------------------------------------------
                         required time                         -1.567    
                         arrival time                           1.820    
  -------------------------------------------------------------------
                         slack                                  0.253    

Slack (MET) :             0.258ns  (arrival time - required time)
  Source:                 snake_controller/next_dir_reg[1]/C
                            (rising edge-triggered cell FDPE clocked by sys_clk_pin  {rise@0.000ns fall@5.000ns period=10.000ns})
  Destination:            snake_controller/current_dir_reg[1]/D
                            (rising edge-triggered cell FDPE clocked by sys_clk_pin  {rise@0.000ns fall@5.000ns period=10.000ns})
  Path Group:             sys_clk_pin
  Path Type:              Hold (Min at Fast Process Corner)
  Requirement:            0.000ns  (sys_clk_pin rise@0.000ns - sys_clk_pin rise@0.000ns)
  Data Path Delay:        0.393ns  (logic 0.186ns (47.310%)  route 0.207ns (52.690%))
  Logic Levels:           1  (LUT3=1)
  Clock Path Skew:        0.015ns (DCD - SCD - CPR)
    Destination Clock Delay (DCD):    1.987ns
    Source Clock Delay      (SCD):    1.473ns
    Clock Pessimism Removal (CPR):    0.499ns

    Location             Delay type                Incr(ns)  Path(ns)    Netlist Resource(s)
  -------------------------------------------------------------------    -------------------
                         (clock sys_clk_pin rise edge)
                                                      0.000     0.000 r  
    W5                                                0.000     0.000 r  clk (IN)
                         net (fo=0)                   0.000     0.000    clk
    W5                   IBUF (Prop_ibuf_I_O)         0.226     0.226 r  clk_IBUF_inst/O
                         net (fo=1, routed)           0.631     0.858    clk_IBUF
    BUFGCTRL_X0Y0        BUFG (Prop_bufg_I_O)         0.026     0.884 r  clk_IBUF_BUFG_inst/O
                         net (fo=42, routed)          0.590     1.473    snake_controller/clk
    SLICE_X5Y37          FDPE                                         r  snake_controller/next_dir_reg[1]/C
  -------------------------------------------------------------------    -------------------
    SLICE_X5Y37          FDPE (Prop_fdpe_C_Q)         0.141     1.614 r  snake_controller/next_dir_reg[1]/Q
                         net (fo=4, routed)           0.207     1.821    snake_controller/next_dir_reg_n_0_[1]
    SLICE_X6Y37          LUT3 (Prop_lut3_I0_O)        0.045     1.866 r  snake_controller/current_dir[1]_i_1/O
                         net (fo=1, routed)           0.000     1.866    snake_controller/current_dir[1]_i_1_n_0
    SLICE_X6Y37          FDPE                                         r  snake_controller/current_dir_reg[1]/D
  -------------------------------------------------------------------    -------------------

                         (clock sys_clk_pin rise edge)
                                                      0.000     0.000 r  
    W5                                                0.000     0.000 r  clk (IN)
                         net (fo=0)                   0.000     0.000    clk
    W5                   IBUF (Prop_ibuf_I_O)         0.414     0.414 r  clk_IBUF_inst/O
                         net (fo=1, routed)           0.685     1.099    clk_IBUF
    BUFGCTRL_X0Y0        BUFG (Prop_bufg_I_O)         0.029     1.128 r  clk_IBUF_BUFG_inst/O
                         net (fo=42, routed)          0.860     1.987    snake_controller/clk
    SLICE_X6Y37          FDPE                                         r  snake_controller/current_dir_reg[1]/C
                         clock pessimism             -0.499     1.488    
    SLICE_X6Y37          FDPE (Hold_fdpe_C_D)         0.120     1.608    snake_controller/current_dir_reg[1]
  -------------------------------------------------------------------
                         required time                         -1.608    
                         arrival time                           1.866    
  -------------------------------------------------------------------
                         slack                                  0.258    

Slack (MET) :             0.263ns  (arrival time - required time)
  Source:                 snake_controller/next_dir_reg[1]/C
                            (rising edge-triggered cell FDPE clocked by sys_clk_pin  {rise@0.000ns fall@5.000ns period=10.000ns})
  Destination:            snake_controller/next_dir_reg[1]/D
                            (rising edge-triggered cell FDPE clocked by sys_clk_pin  {rise@0.000ns fall@5.000ns period=10.000ns})
  Path Group:             sys_clk_pin
  Path Type:              Hold (Min at Fast Process Corner)
  Requirement:            0.000ns  (sys_clk_pin rise@0.000ns - sys_clk_pin rise@0.000ns)
  Data Path Delay:        0.354ns  (logic 0.186ns (52.507%)  route 0.168ns (47.493%))
  Logic Levels:           1  (LUT6=1)
  Clock Path Skew:        0.000ns (DCD - SCD - CPR)
    Destination Clock Delay (DCD):    1.987ns
    Source Clock Delay      (SCD):    1.473ns
    Clock Pessimism Removal (CPR):    0.514ns

    Location             Delay type                Incr(ns)  Path(ns)    Netlist Resource(s)
  -------------------------------------------------------------------    -------------------
                         (clock sys_clk_pin rise edge)
                                                      0.000     0.000 r  
    W5                                                0.000     0.000 r  clk (IN)
                         net (fo=0)                   0.000     0.000    clk
    W5                   IBUF (Prop_ibuf_I_O)         0.226     0.226 r  clk_IBUF_inst/O
                         net (fo=1, routed)           0.631     0.858    clk_IBUF
    BUFGCTRL_X0Y0        BUFG (Prop_bufg_I_O)         0.026     0.884 r  clk_IBUF_BUFG_inst/O
                         net (fo=42, routed)          0.590     1.473    snake_controller/clk
    SLICE_X5Y37          FDPE                                         r  snake_controller/next_dir_reg[1]/C
  -------------------------------------------------------------------    -------------------
    SLICE_X5Y37          FDPE (Prop_fdpe_C_Q)         0.141     1.614 r  snake_controller/next_dir_reg[1]/Q
                         net (fo=4, routed)           0.168     1.782    snake_controller/next_dir_reg_n_0_[1]
    SLICE_X5Y37          LUT6 (Prop_lut6_I5_O)        0.045     1.827 r  snake_controller/next_dir[1]_i_1/O
                         net (fo=1, routed)           0.000     1.827    snake_controller/next_dir[1]_i_1_n_0
    SLICE_X5Y37          FDPE                                         r  snake_controller/next_dir_reg[1]/D
  -------------------------------------------------------------------    -------------------

                         (clock sys_clk_pin rise edge)
                                                      0.000     0.000 r  
    W5                                                0.000     0.000 r  clk (IN)
                         net (fo=0)                   0.000     0.000    clk
    W5                   IBUF (Prop_ibuf_I_O)         0.414     0.414 r  clk_IBUF_inst/O
                         net (fo=1, routed)           0.685     1.099    clk_IBUF
    BUFGCTRL_X0Y0        BUFG (Prop_bufg_I_O)         0.029     1.128 r  clk_IBUF_BUFG_inst/O
                         net (fo=42, routed)          0.860     1.987    snake_controller/clk
    SLICE_X5Y37          FDPE                                         r  snake_controller/next_dir_reg[1]/C
                         clock pessimism             -0.514     1.473    
    SLICE_X5Y37          FDPE (Hold_fdpe_C_D)         0.091     1.564    snake_controller/next_dir_reg[1]
  -------------------------------------------------------------------
                         required time                         -1.564    
                         arrival time                           1.827    
  -------------------------------------------------------------------
                         slack                                  0.263    





Pulse Width Checks
--------------------------------------------------------------------------------------
Clock Name:         sys_clk_pin
Waveform(ns):       { 0.000 5.000 }
Period(ns):         10.000
Sources:            { clk }

Check Type        Corner  Lib Pin  Reference Pin  Required(ns)  Actual(ns)  Slack(ns)  Location       Pin
Min Period        n/a     BUFG/I   n/a            2.155         10.000      7.845      BUFGCTRL_X0Y0  clk_IBUF_BUFG_inst/I
Min Period        n/a     FDPE/C   n/a            1.000         10.000      9.000      SLICE_X5Y38    snake_controller/current_dir_reg[0]/C
Min Period        n/a     FDPE/C   n/a            1.000         10.000      9.000      SLICE_X6Y37    snake_controller/current_dir_reg[1]/C
Min Period        n/a     FDCE/C   n/a            1.000         10.000      9.000      SLICE_X5Y43    snake_controller/game_tick_reg/C
Min Period        n/a     FDCE/C   n/a            1.000         10.000      9.000      SLICE_X6Y53    snake_controller/head_x_reg[0]/C
Min Period        n/a     FDCE/C   n/a            1.000         10.000      9.000      SLICE_X7Y53    snake_controller/head_x_reg[1]/C
Min Period        n/a     FDPE/C   n/a            1.000         10.000      9.000      SLICE_X7Y53    snake_controller/head_x_reg[2]/C
Min Period        n/a     FDCE/C   n/a            1.000         10.000      9.000      SLICE_X6Y53    snake_controller/head_x_reg[3]/C
Min Period        n/a     FDPE/C   n/a            1.000         10.000      9.000      SLICE_X6Y53    snake_controller/head_x_reg[4]/C
Min Period        n/a     FDCE/C   n/a            1.000         10.000      9.000      SLICE_X6Y54    snake_controller/head_x_reg[5]/C
Low Pulse Width   Slow    FDPE/C   n/a            0.500         5.000       4.500      SLICE_X5Y38    snake_controller/current_dir_reg[0]/C
Low Pulse Width   Fast    FDPE/C   n/a            0.500         5.000       4.500      SLICE_X5Y38    snake_controller/current_dir_reg[0]/C
Low Pulse Width   Slow    FDPE/C   n/a            0.500         5.000       4.500      SLICE_X6Y37    snake_controller/current_dir_reg[1]/C
Low Pulse Width   Fast    FDPE/C   n/a            0.500         5.000       4.500      SLICE_X6Y37    snake_controller/current_dir_reg[1]/C
Low Pulse Width   Slow    FDCE/C   n/a            0.500         5.000       4.500      SLICE_X5Y43    snake_controller/game_tick_reg/C
Low Pulse Width   Fast    FDCE/C   n/a            0.500         5.000       4.500      SLICE_X5Y43    snake_controller/game_tick_reg/C
Low Pulse Width   Slow    FDCE/C   n/a            0.500         5.000       4.500      SLICE_X6Y53    snake_controller/head_x_reg[0]/C
Low Pulse Width   Fast    FDCE/C   n/a            0.500         5.000       4.500      SLICE_X6Y53    snake_controller/head_x_reg[0]/C
Low Pulse Width   Slow    FDCE/C   n/a            0.500         5.000       4.500      SLICE_X7Y53    snake_controller/head_x_reg[1]/C
Low Pulse Width   Fast    FDCE/C   n/a            0.500         5.000       4.500      SLICE_X7Y53    snake_controller/head_x_reg[1]/C
High Pulse Width  Slow    FDPE/C   n/a            0.500         5.000       4.500      SLICE_X5Y38    snake_controller/current_dir_reg[0]/C
High Pulse Width  Fast    FDPE/C   n/a            0.500         5.000       4.500      SLICE_X5Y38    snake_controller/current_dir_reg[0]/C
High Pulse Width  Slow    FDPE/C   n/a            0.500         5.000       4.500      SLICE_X6Y37    snake_controller/current_dir_reg[1]/C
High Pulse Width  Fast    FDPE/C   n/a            0.500         5.000       4.500      SLICE_X6Y37    snake_controller/current_dir_reg[1]/C
High Pulse Width  Slow    FDCE/C   n/a            0.500         5.000       4.500      SLICE_X5Y43    snake_controller/game_tick_reg/C
High Pulse Width  Fast    FDCE/C   n/a            0.500         5.000       4.500      SLICE_X5Y43    snake_controller/game_tick_reg/C
High Pulse Width  Slow    FDCE/C   n/a            0.500         5.000       4.500      SLICE_X6Y53    snake_controller/head_x_reg[0]/C
High Pulse Width  Fast    FDCE/C   n/a            0.500         5.000       4.500      SLICE_X6Y53    snake_controller/head_x_reg[0]/C
High Pulse Width  Slow    FDCE/C   n/a            0.500         5.000       4.500      SLICE_X7Y53    snake_controller/head_x_reg[1]/C
High Pulse Width  Fast    FDCE/C   n/a            0.500         5.000       4.500      SLICE_X7Y53    snake_controller/head_x_reg[1]/C



--------------------------------------------------------------------------------------
Path Group:  (none)
From Clock:  
  To Clock:  

Max Delay           108 Endpoints
Min Delay           108 Endpoints
--------------------------------------------------------------------------------------


Max Delay Paths
--------------------------------------------------------------------------------------
Slack:                    inf
  Source:                 vga_controller/v_cnt_reg[6]/C
                            (rising edge-triggered cell FDCE)
  Destination:            vga_vs
                            (output port)
  Path Group:             (none)
  Path Type:              Max at Slow Process Corner
  Data Path Delay:        11.340ns  (logic 4.469ns (39.413%)  route 6.870ns (60.587%))
  Logic Levels:           5  (FDCE=1 LUT2=1 LUT6=2 OBUF=1)

    Location             Delay type                Incr(ns)  Path(ns)    Netlist Resource(s)
  -------------------------------------------------------------------    -------------------
    SLICE_X7Y63          FDCE                         0.000     0.000 r  vga_controller/v_cnt_reg[6]/C
    SLICE_X7Y63          FDCE (Prop_fdce_C_Q)         0.419     0.419 f  vga_controller/v_cnt_reg[6]/Q
                         net (fo=87, routed)          3.093     3.512    vga_controller/v_cnt_reg[7]_0[2]
    SLICE_X5Y63          LUT2 (Prop_lut2_I1_O)        0.299     3.811 f  vga_controller/vga_r[3]_i_6/O
                         net (fo=3, routed)           0.324     4.135    vga_controller/vga_r[3]_i_6_n_0
    SLICE_X6Y63          LUT6 (Prop_lut6_I5_O)        0.124     4.259 f  vga_controller/vga_vs_OBUF_inst_i_3/O
                         net (fo=1, routed)           0.564     4.823    vga_controller/vga_vs_OBUF_inst_i_3_n_0
    SLICE_X5Y63          LUT6 (Prop_lut6_I3_O)        0.124     4.947 r  vga_controller/vga_vs_OBUF_inst_i_1/O
                         net (fo=1, routed)           2.890     7.836    vga_vs_OBUF
    R19                  OBUF (Prop_obuf_I_O)         3.503    11.340 r  vga_vs_OBUF_inst/O
                         net (fo=0)                   0.000    11.340    vga_vs
    R19                                                               r  vga_vs (OUT)
  -------------------------------------------------------------------    -------------------

Slack:                    inf
  Source:                 vga_controller/v_cnt_reg[7]/C
                            (rising edge-triggered cell FDCE)
  Destination:            vga_controller/vga_r_reg[1]/R
  Path Group:             (none)
  Path Type:              Max at Slow Process Corner
  Data Path Delay:        10.825ns  (logic 1.948ns (17.995%)  route 8.877ns (82.005%))
  Logic Levels:           8  (FDCE=1 LUT3=1 LUT4=1 LUT6=3 MUXF7=2)

    Location             Delay type                Incr(ns)  Path(ns)    Netlist Resource(s)
  -------------------------------------------------------------------    -------------------
    SLICE_X7Y63          FDCE                         0.000     0.000 r  vga_controller/v_cnt_reg[7]/C
    SLICE_X7Y63          FDCE (Prop_fdce_C_Q)         0.456     0.456 f  vga_controller/v_cnt_reg[7]/Q
                         net (fo=49, routed)          1.563     2.019    vga_controller/v_cnt_reg[7]_0[3]
    SLICE_X10Y63         LUT3 (Prop_lut3_I2_O)        0.124     2.143 r  vga_controller/vga_r[3]_i_128/O
                         net (fo=80, routed)          2.707     4.850    snake_controller/vga_r[3]_i_33_0
    SLICE_X5Y54          MUXF7 (Prop_muxf7_S_O)       0.276     5.126 r  snake_controller/vga_r_reg[3]_i_99/O
                         net (fo=1, routed)           1.176     6.302    snake_controller/vga_r_reg[3]_i_99_n_0
    SLICE_X8Y56          LUT6 (Prop_lut6_I1_O)        0.299     6.601 r  snake_controller/vga_r[3]_i_38/O
                         net (fo=1, routed)           0.000     6.601    snake_controller/vga_r[3]_i_38_n_0
    SLICE_X8Y56          MUXF7 (Prop_muxf7_I1_O)      0.247     6.848 r  snake_controller/vga_r_reg[3]_i_21/O
                         net (fo=1, routed)           0.604     7.452    snake_controller/vga_r_reg[3]_i_21_n_0
    SLICE_X9Y62          LUT6 (Prop_lut6_I3_O)        0.298     7.750 r  snake_controller/vga_r[3]_i_9/O
                         net (fo=1, routed)           1.055     8.805    snake_controller/vga_r[3]_i_9_n_0
    SLICE_X3Y62          LUT6 (Prop_lut6_I2_O)        0.124     8.929 r  snake_controller/vga_r[3]_i_4/O
                         net (fo=8, routed)           0.844     9.773    vga_controller/vga_r1__11
    SLICE_X1Y62          LUT4 (Prop_lut4_I1_O)        0.124     9.897 r  vga_controller/vga_r[3]_i_1/O
                         net (fo=2, routed)           0.928    10.825    vga_controller/vga_r[3]_i_1_n_0
    SLICE_X0Y61          FDRE                                         r  vga_controller/vga_r_reg[1]/R
  -------------------------------------------------------------------    -------------------

Slack:                    inf
  Source:                 vga_controller/v_cnt_reg[7]/C
                            (rising edge-triggered cell FDCE)
  Destination:            vga_controller/vga_r_reg[3]/R
  Path Group:             (none)
  Path Type:              Max at Slow Process Corner
  Data Path Delay:        10.825ns  (logic 1.948ns (17.995%)  route 8.877ns (82.005%))
  Logic Levels:           8  (FDCE=1 LUT3=1 LUT4=1 LUT6=3 MUXF7=2)

    Location             Delay type                Incr(ns)  Path(ns)    Netlist Resource(s)
  -------------------------------------------------------------------    -------------------
    SLICE_X7Y63          FDCE                         0.000     0.000 r  vga_controller/v_cnt_reg[7]/C
    SLICE_X7Y63          FDCE (Prop_fdce_C_Q)         0.456     0.456 f  vga_controller/v_cnt_reg[7]/Q
                         net (fo=49, routed)          1.563     2.019    vga_controller/v_cnt_reg[7]_0[3]
    SLICE_X10Y63         LUT3 (Prop_lut3_I2_O)        0.124     2.143 r  vga_controller/vga_r[3]_i_128/O
                         net (fo=80, routed)          2.707     4.850    snake_controller/vga_r[3]_i_33_0
    SLICE_X5Y54          MUXF7 (Prop_muxf7_S_O)       0.276     5.126 r  snake_controller/vga_r_reg[3]_i_99/O
                         net (fo=1, routed)           1.176     6.302    snake_controller/vga_r_reg[3]_i_99_n_0
    SLICE_X8Y56          LUT6 (Prop_lut6_I1_O)        0.299     6.601 r  snake_controller/vga_r[3]_i_38/O
                         net (fo=1, routed)           0.000     6.601    snake_controller/vga_r[3]_i_38_n_0
    SLICE_X8Y56          MUXF7 (Prop_muxf7_I1_O)      0.247     6.848 r  snake_controller/vga_r_reg[3]_i_21/O
                         net (fo=1, routed)           0.604     7.452    snake_controller/vga_r_reg[3]_i_21_n_0
    SLICE_X9Y62          LUT6 (Prop_lut6_I3_O)        0.298     7.750 r  snake_controller/vga_r[3]_i_9/O
                         net (fo=1, routed)           1.055     8.805    snake_controller/vga_r[3]_i_9_n_0
    SLICE_X3Y62          LUT6 (Prop_lut6_I2_O)        0.124     8.929 r  snake_controller/vga_r[3]_i_4/O
                         net (fo=8, routed)           0.844     9.773    vga_controller/vga_r1__11
    SLICE_X1Y62          LUT4 (Prop_lut4_I1_O)        0.124     9.897 r  vga_controller/vga_r[3]_i_1/O
                         net (fo=2, routed)           0.928    10.825    vga_controller/vga_r[3]_i_1_n_0
    SLICE_X0Y61          FDRE                                         r  vga_controller/vga_r_reg[3]/R
  -------------------------------------------------------------------    -------------------

Slack:                    inf
  Source:                 vga_controller/v_cnt_reg[7]/C
                            (rising edge-triggered cell FDCE)
  Destination:            vga_controller/vga_r_reg[2]/D
  Path Group:             (none)
  Path Type:              Max at Slow Process Corner
  Data Path Delay:        10.502ns  (logic 1.948ns (18.548%)  route 8.554ns (81.452%))
  Logic Levels:           8  (FDCE=1 LUT2=1 LUT3=1 LUT6=3 MUXF7=2)

    Location             Delay type                Incr(ns)  Path(ns)    Netlist Resource(s)
  -------------------------------------------------------------------    -------------------
    SLICE_X7Y63          FDCE                         0.000     0.000 r  vga_controller/v_cnt_reg[7]/C
    SLICE_X7Y63          FDCE (Prop_fdce_C_Q)         0.456     0.456 f  vga_controller/v_cnt_reg[7]/Q
                         net (fo=49, routed)          1.563     2.019    vga_controller/v_cnt_reg[7]_0[3]
    SLICE_X10Y63         LUT3 (Prop_lut3_I2_O)        0.124     2.143 r  vga_controller/vga_r[3]_i_128/O
                         net (fo=80, routed)          2.707     4.850    snake_controller/vga_r[3]_i_33_0
    SLICE_X5Y54          MUXF7 (Prop_muxf7_S_O)       0.276     5.126 r  snake_controller/vga_r_reg[3]_i_99/O
                         net (fo=1, routed)           1.176     6.302    snake_controller/vga_r_reg[3]_i_99_n_0
    SLICE_X8Y56          LUT6 (Prop_lut6_I1_O)        0.299     6.601 r  snake_controller/vga_r[3]_i_38/O
                         net (fo=1, routed)           0.000     6.601    snake_controller/vga_r[3]_i_38_n_0
    SLICE_X8Y56          MUXF7 (Prop_muxf7_I1_O)      0.247     6.848 r  snake_controller/vga_r_reg[3]_i_21/O
                         net (fo=1, routed)           0.604     7.452    snake_controller/vga_r_reg[3]_i_21_n_0
    SLICE_X9Y62          LUT6 (Prop_lut6_I3_O)        0.298     7.750 r  snake_controller/vga_r[3]_i_9/O
                         net (fo=1, routed)           1.055     8.805    snake_controller/vga_r[3]_i_9_n_0
    SLICE_X3Y62          LUT6 (Prop_lut6_I2_O)        0.124     8.929 r  snake_controller/vga_r[3]_i_4/O
                         net (fo=8, routed)           0.679     9.608    snake_controller/vga_r1__11
    SLICE_X0Y62          LUT2 (Prop_lut2_I0_O)        0.124     9.732 r  snake_controller/vga_r[2]_i_2/O
                         net (fo=1, routed)           0.770    10.502    vga_controller/D[0]
    SLICE_X1Y62          FDRE                                         r  vga_controller/vga_r_reg[2]/D
  -------------------------------------------------------------------    -------------------

Slack:                    inf
  Source:                 vga_controller/v_cnt_reg[7]/C
                            (rising edge-triggered cell FDCE)
  Destination:            vga_controller/vga_b_reg[1]_lopt_replica/D
  Path Group:             (none)
  Path Type:              Max at Slow Process Corner
  Data Path Delay:        10.385ns  (logic 1.974ns (19.007%)  route 8.411ns (80.993%))
  Logic Levels:           8  (FDCE=1 LUT2=1 LUT3=1 LUT6=3 MUXF7=2)

    Location             Delay type                Incr(ns)  Path(ns)    Netlist Resource(s)
  -------------------------------------------------------------------    -------------------
    SLICE_X7Y63          FDCE                         0.000     0.000 r  vga_controller/v_cnt_reg[7]/C
    SLICE_X7Y63          FDCE (Prop_fdce_C_Q)         0.456     0.456 f  vga_controller/v_cnt_reg[7]/Q
                         net (fo=49, routed)          1.563     2.019    vga_controller/v_cnt_reg[7]_0[3]
    SLICE_X10Y63         LUT3 (Prop_lut3_I2_O)        0.124     2.143 r  vga_controller/vga_r[3]_i_128/O
                         net (fo=80, routed)          2.707     4.850    snake_controller/vga_r[3]_i_33_0
    SLICE_X5Y54          MUXF7 (Prop_muxf7_S_O)       0.276     5.126 r  snake_controller/vga_r_reg[3]_i_99/O
                         net (fo=1, routed)           1.176     6.302    snake_controller/vga_r_reg[3]_i_99_n_0
    SLICE_X8Y56          LUT6 (Prop_lut6_I1_O)        0.299     6.601 r  snake_controller/vga_r[3]_i_38/O
                         net (fo=1, routed)           0.000     6.601    snake_controller/vga_r[3]_i_38_n_0
    SLICE_X8Y56          MUXF7 (Prop_muxf7_I1_O)      0.247     6.848 r  snake_controller/vga_r_reg[3]_i_21/O
                         net (fo=1, routed)           0.604     7.452    snake_controller/vga_r_reg[3]_i_21_n_0
    SLICE_X9Y62          LUT6 (Prop_lut6_I3_O)        0.298     7.750 r  snake_controller/vga_r[3]_i_9/O
                         net (fo=1, routed)           1.055     8.805    snake_controller/vga_r[3]_i_9_n_0
    SLICE_X3Y62          LUT6 (Prop_lut6_I2_O)        0.124     8.929 r  snake_controller/vga_r[3]_i_4/O
                         net (fo=8, routed)           0.679     9.608    snake_controller/vga_r1__11
    SLICE_X0Y62          LUT2 (Prop_lut2_I0_O)        0.150     9.758 r  snake_controller/vga_b[1]_i_1/O
                         net (fo=2, routed)           0.628    10.385    vga_controller/vga_b_reg[1]_0
    SLICE_X0Y62          FDRE                                         r  vga_controller/vga_b_reg[1]_lopt_replica/D
  -------------------------------------------------------------------    -------------------

Slack:                    inf
  Source:                 vga_controller/v_cnt_reg[7]/C
                            (rising edge-triggered cell FDCE)
  Destination:            vga_controller/vga_r_reg[0]/D
  Path Group:             (none)
  Path Type:              Max at Slow Process Corner
  Data Path Delay:        10.143ns  (logic 1.948ns (19.205%)  route 8.195ns (80.795%))
  Logic Levels:           8  (FDCE=1 LUT3=1 LUT4=1 LUT6=3 MUXF7=2)

    Location             Delay type                Incr(ns)  Path(ns)    Netlist Resource(s)
  -------------------------------------------------------------------    -------------------
    SLICE_X7Y63          FDCE                         0.000     0.000 r  vga_controller/v_cnt_reg[7]/C
    SLICE_X7Y63          FDCE (Prop_fdce_C_Q)         0.456     0.456 f  vga_controller/v_cnt_reg[7]/Q
                         net (fo=49, routed)          1.563     2.019    vga_controller/v_cnt_reg[7]_0[3]
    SLICE_X10Y63         LUT3 (Prop_lut3_I2_O)        0.124     2.143 r  vga_controller/vga_r[3]_i_128/O
                         net (fo=80, routed)          2.707     4.850    snake_controller/vga_r[3]_i_33_0
    SLICE_X5Y54          MUXF7 (Prop_muxf7_S_O)       0.276     5.126 f  snake_controller/vga_r_reg[3]_i_99/O
                         net (fo=1, routed)           1.176     6.302    snake_controller/vga_r_reg[3]_i_99_n_0
    SLICE_X8Y56          LUT6 (Prop_lut6_I1_O)        0.299     6.601 f  snake_controller/vga_r[3]_i_38/O
                         net (fo=1, routed)           0.000     6.601    snake_controller/vga_r[3]_i_38_n_0
    SLICE_X8Y56          MUXF7 (Prop_muxf7_I1_O)      0.247     6.848 f  snake_controller/vga_r_reg[3]_i_21/O
                         net (fo=1, routed)           0.604     7.452    snake_controller/vga_r_reg[3]_i_21_n_0
    SLICE_X9Y62          LUT6 (Prop_lut6_I3_O)        0.298     7.750 f  snake_controller/vga_r[3]_i_9/O
                         net (fo=1, routed)           1.055     8.805    snake_controller/vga_r[3]_i_9_n_0
    SLICE_X3Y62          LUT6 (Prop_lut6_I2_O)        0.124     8.929 f  snake_controller/vga_r[3]_i_4/O
                         net (fo=8, routed)           0.456     9.385    vga_controller/vga_r1__11
    SLICE_X3Y62          LUT4 (Prop_lut4_I0_O)        0.124     9.509 r  vga_controller/vga_r[0]_i_1/O
                         net (fo=1, routed)           0.634    10.143    vga_controller/vga_r[0]_i_1_n_0
    SLICE_X1Y62          FDSE                                         r  vga_controller/vga_r_reg[0]/D
  -------------------------------------------------------------------    -------------------

Slack:                    inf
  Source:                 vga_controller/v_cnt_reg[7]/C
                            (rising edge-triggered cell FDCE)
  Destination:            vga_controller/vga_g_reg[1]/D
  Path Group:             (none)
  Path Type:              Max at Slow Process Corner
  Data Path Delay:        9.986ns  (logic 1.980ns (19.827%)  route 8.006ns (80.173%))
  Logic Levels:           8  (FDCE=1 LUT3=2 LUT6=3 MUXF7=2)

    Location             Delay type                Incr(ns)  Path(ns)    Netlist Resource(s)
  -------------------------------------------------------------------    -------------------
    SLICE_X7Y63          FDCE                         0.000     0.000 r  vga_controller/v_cnt_reg[7]/C
    SLICE_X7Y63          FDCE (Prop_fdce_C_Q)         0.456     0.456 f  vga_controller/v_cnt_reg[7]/Q
                         net (fo=49, routed)          1.563     2.019    vga_controller/v_cnt_reg[7]_0[3]
    SLICE_X10Y63         LUT3 (Prop_lut3_I2_O)        0.124     2.143 r  vga_controller/vga_r[3]_i_128/O
                         net (fo=80, routed)          2.707     4.850    snake_controller/vga_r[3]_i_33_0
    SLICE_X5Y54          MUXF7 (Prop_muxf7_S_O)       0.276     5.126 r  snake_controller/vga_r_reg[3]_i_99/O
                         net (fo=1, routed)           1.176     6.302    snake_controller/vga_r_reg[3]_i_99_n_0
    SLICE_X8Y56          LUT6 (Prop_lut6_I1_O)        0.299     6.601 r  snake_controller/vga_r[3]_i_38/O
                         net (fo=1, routed)           0.000     6.601    snake_controller/vga_r[3]_i_38_n_0
    SLICE_X8Y56          MUXF7 (Prop_muxf7_I1_O)      0.247     6.848 r  snake_controller/vga_r_reg[3]_i_21/O
                         net (fo=1, routed)           0.604     7.452    snake_controller/vga_r_reg[3]_i_21_n_0
    SLICE_X9Y62          LUT6 (Prop_lut6_I3_O)        0.298     7.750 r  snake_controller/vga_r[3]_i_9/O
                         net (fo=1, routed)           1.055     8.805    snake_controller/vga_r[3]_i_9_n_0
    SLICE_X3Y62          LUT6 (Prop_lut6_I2_O)        0.124     8.929 r  snake_controller/vga_r[3]_i_4/O
                         net (fo=8, routed)           0.901     9.830    vga_controller/vga_r1__11
    SLICE_X2Y62          LUT3 (Prop_lut3_I0_O)        0.156     9.986 r  vga_controller/vga_g[1]_i_1/O
                         net (fo=1, routed)           0.000     9.986    vga_controller/vga_g[1]_i_1_n_0
    SLICE_X2Y62          FDRE                                         r  vga_controller/vga_g_reg[1]/D
  -------------------------------------------------------------------    -------------------

Slack:                    inf
  Source:                 vga_controller/v_cnt_reg[7]/C
                            (rising edge-triggered cell FDCE)
  Destination:            vga_controller/vga_g_reg[0]/D
  Path Group:             (none)
  Path Type:              Max at Slow Process Corner
  Data Path Delay:        9.954ns  (logic 1.948ns (19.570%)  route 8.006ns (80.430%))
  Logic Levels:           8  (FDCE=1 LUT3=1 LUT5=1 LUT6=3 MUXF7=2)

    Location             Delay type                Incr(ns)  Path(ns)    Netlist Resource(s)
  -------------------------------------------------------------------    -------------------
    SLICE_X7Y63          FDCE                         0.000     0.000 r  vga_controller/v_cnt_reg[7]/C
    SLICE_X7Y63          FDCE (Prop_fdce_C_Q)         0.456     0.456 f  vga_controller/v_cnt_reg[7]/Q
                         net (fo=49, routed)          1.563     2.019    vga_controller/v_cnt_reg[7]_0[3]
    SLICE_X10Y63         LUT3 (Prop_lut3_I2_O)        0.124     2.143 r  vga_controller/vga_r[3]_i_128/O
                         net (fo=80, routed)          2.707     4.850    snake_controller/vga_r[3]_i_33_0
    SLICE_X5Y54          MUXF7 (Prop_muxf7_S_O)       0.276     5.126 r  snake_controller/vga_r_reg[3]_i_99/O
                         net (fo=1, routed)           1.176     6.302    snake_controller/vga_r_reg[3]_i_99_n_0
    SLICE_X8Y56          LUT6 (Prop_lut6_I1_O)        0.299     6.601 r  snake_controller/vga_r[3]_i_38/O
                         net (fo=1, routed)           0.000     6.601    snake_controller/vga_r[3]_i_38_n_0
    SLICE_X8Y56          MUXF7 (Prop_muxf7_I1_O)      0.247     6.848 r  snake_controller/vga_r_reg[3]_i_21/O
                         net (fo=1, routed)           0.604     7.452    snake_controller/vga_r_reg[3]_i_21_n_0
    SLICE_X9Y62          LUT6 (Prop_lut6_I3_O)        0.298     7.750 r  snake_controller/vga_r[3]_i_9/O
                         net (fo=1, routed)           1.055     8.805    snake_controller/vga_r[3]_i_9_n_0
    SLICE_X3Y62          LUT6 (Prop_lut6_I2_O)        0.124     8.929 r  snake_controller/vga_r[3]_i_4/O
                         net (fo=8, routed)           0.901     9.830    vga_controller/vga_r1__11
    SLICE_X2Y62          LUT5 (Prop_lut5_I1_O)        0.124     9.954 r  vga_controller/vga_g[0]_i_1/O
                         net (fo=1, routed)           0.000     9.954    vga_controller/vga_g[0]_i_1_n_0
    SLICE_X2Y62          FDRE                                         r  vga_controller/vga_g_reg[0]/D
  -------------------------------------------------------------------    -------------------

Slack:                    inf
  Source:                 vga_controller/v_cnt_reg[7]/C
                            (rising edge-triggered cell FDCE)
  Destination:            vga_controller/vga_b_reg[1]/D
  Path Group:             (none)
  Path Type:              Max at Slow Process Corner
  Data Path Delay:        9.758ns  (logic 1.974ns (20.230%)  route 7.784ns (79.770%))
  Logic Levels:           8  (FDCE=1 LUT2=1 LUT3=1 LUT6=3 MUXF7=2)

    Location             Delay type                Incr(ns)  Path(ns)    Netlist Resource(s)
  -------------------------------------------------------------------    -------------------
    SLICE_X7Y63          FDCE                         0.000     0.000 r  vga_controller/v_cnt_reg[7]/C
    SLICE_X7Y63          FDCE (Prop_fdce_C_Q)         0.456     0.456 f  vga_controller/v_cnt_reg[7]/Q
                         net (fo=49, routed)          1.563     2.019    vga_controller/v_cnt_reg[7]_0[3]
    SLICE_X10Y63         LUT3 (Prop_lut3_I2_O)        0.124     2.143 r  vga_controller/vga_r[3]_i_128/O
                         net (fo=80, routed)          2.707     4.850    snake_controller/vga_r[3]_i_33_0
    SLICE_X5Y54          MUXF7 (Prop_muxf7_S_O)       0.276     5.126 r  snake_controller/vga_r_reg[3]_i_99/O
                         net (fo=1, routed)           1.176     6.302    snake_controller/vga_r_reg[3]_i_99_n_0
    SLICE_X8Y56          LUT6 (Prop_lut6_I1_O)        0.299     6.601 r  snake_controller/vga_r[3]_i_38/O
                         net (fo=1, routed)           0.000     6.601    snake_controller/vga_r[3]_i_38_n_0
    SLICE_X8Y56          MUXF7 (Prop_muxf7_I1_O)      0.247     6.848 r  snake_controller/vga_r_reg[3]_i_21/O
                         net (fo=1, routed)           0.604     7.452    snake_controller/vga_r_reg[3]_i_21_n_0
    SLICE_X9Y62          LUT6 (Prop_lut6_I3_O)        0.298     7.750 r  snake_controller/vga_r[3]_i_9/O
                         net (fo=1, routed)           1.055     8.805    snake_controller/vga_r[3]_i_9_n_0
    SLICE_X3Y62          LUT6 (Prop_lut6_I2_O)        0.124     8.929 r  snake_controller/vga_r[3]_i_4/O
                         net (fo=8, routed)           0.679     9.608    snake_controller/vga_r1__11
    SLICE_X0Y62          LUT2 (Prop_lut2_I0_O)        0.150     9.758 r  snake_controller/vga_b[1]_i_1/O
                         net (fo=2, routed)           0.000     9.758    vga_controller/vga_b_reg[1]_0
    SLICE_X0Y62          FDRE                                         r  vga_controller/vga_b_reg[1]/D
  -------------------------------------------------------------------    -------------------

Slack:                    inf
  Source:                 vga_controller/v_cnt_reg[7]/C
                            (rising edge-triggered cell FDCE)
  Destination:            vga_controller/vga_b_reg[0]/D
  Path Group:             (none)
  Path Type:              Max at Slow Process Corner
  Data Path Delay:        9.506ns  (logic 1.948ns (20.493%)  route 7.558ns (79.507%))
  Logic Levels:           8  (FDCE=1 LUT3=1 LUT4=1 LUT6=3 MUXF7=2)

    Location             Delay type                Incr(ns)  Path(ns)    Netlist Resource(s)
  -------------------------------------------------------------------    -------------------
    SLICE_X7Y63          FDCE                         0.000     0.000 r  vga_controller/v_cnt_reg[7]/C
    SLICE_X7Y63          FDCE (Prop_fdce_C_Q)         0.456     0.456 f  vga_controller/v_cnt_reg[7]/Q
                         net (fo=49, routed)          1.563     2.019    vga_controller/v_cnt_reg[7]_0[3]
    SLICE_X10Y63         LUT3 (Prop_lut3_I2_O)        0.124     2.143 r  vga_controller/vga_r[3]_i_128/O
                         net (fo=80, routed)          2.707     4.850    snake_controller/vga_r[3]_i_33_0
    SLICE_X5Y54          MUXF7 (Prop_muxf7_S_O)       0.276     5.126 r  snake_controller/vga_r_reg[3]_i_99/O
                         net (fo=1, routed)           1.176     6.302    snake_controller/vga_r_reg[3]_i_99_n_0
    SLICE_X8Y56          LUT6 (Prop_lut6_I1_O)        0.299     6.601 r  snake_controller/vga_r[3]_i_38/O
                         net (fo=1, routed)           0.000     6.601    snake_controller/vga_r[3]_i_38_n_0
    SLICE_X8Y56          MUXF7 (Prop_muxf7_I1_O)      0.247     6.848 r  snake_controller/vga_r_reg[3]_i_21/O
                         net (fo=1, routed)           0.604     7.452    snake_controller/vga_r_reg[3]_i_21_n_0
    SLICE_X9Y62          LUT6 (Prop_lut6_I3_O)        0.298     7.750 r  snake_controller/vga_r[3]_i_9/O
                         net (fo=1, routed)           1.055     8.805    snake_controller/vga_r[3]_i_9_n_0
    SLICE_X3Y62          LUT6 (Prop_lut6_I2_O)        0.124     8.929 r  snake_controller/vga_r[3]_i_4/O
                         net (fo=8, routed)           0.452     9.382    vga_controller/vga_r1__11
    SLICE_X0Y62          LUT4 (Prop_lut4_I3_O)        0.124     9.506 r  vga_controller/vga_b[0]_i_1/O
                         net (fo=1, routed)           0.000     9.506    vga_controller/vga_b[0]_i_1_n_0
    SLICE_X0Y62          FDRE                                         r  vga_controller/vga_b_reg[0]/D
  -------------------------------------------------------------------    -------------------





Min Delay Paths
--------------------------------------------------------------------------------------
Slack:                    inf
  Source:                 vga_controller/v_cnt_reg[0]/C
                            (rising edge-triggered cell FDCE)
  Destination:            vga_controller/v_cnt_reg[1]/D
  Path Group:             (none)
  Path Type:              Min at Fast Process Corner
  Data Path Delay:        0.330ns  (logic 0.186ns (56.282%)  route 0.144ns (43.718%))
  Logic Levels:           2  (FDCE=1 LUT3=1)

    Location             Delay type                Incr(ns)  Path(ns)    Netlist Resource(s)
  -------------------------------------------------------------------    -------------------
    SLICE_X7Y63          FDCE                         0.000     0.000 r  vga_controller/v_cnt_reg[0]/C
    SLICE_X7Y63          FDCE (Prop_fdce_C_Q)         0.141     0.141 r  vga_controller/v_cnt_reg[0]/Q
                         net (fo=12, routed)          0.144     0.285    vga_controller/v_cnt_reg_n_0_[0]
    SLICE_X6Y63          LUT3 (Prop_lut3_I2_O)        0.045     0.330 r  vga_controller/v_cnt[1]_i_1/O
                         net (fo=1, routed)           0.000     0.330    vga_controller/v_cnt[1]_i_1_n_0
    SLICE_X6Y63          FDCE                                         r  vga_controller/v_cnt_reg[1]/D
  -------------------------------------------------------------------    -------------------

Slack:                    inf
  Source:                 vga_controller/h_cnt_reg[3]/C
                            (rising edge-triggered cell FDCE)
  Destination:            vga_controller/h_cnt_reg[4]/D
  Path Group:             (none)
  Path Type:              Min at Fast Process Corner
  Data Path Delay:        0.333ns  (logic 0.246ns (73.912%)  route 0.087ns (26.088%))
  Logic Levels:           2  (FDCE=1 LUT6=1)

    Location             Delay type                Incr(ns)  Path(ns)    Netlist Resource(s)
  -------------------------------------------------------------------    -------------------
    SLICE_X8Y64          FDCE                         0.000     0.000 r  vga_controller/h_cnt_reg[3]/C
    SLICE_X8Y64          FDCE (Prop_fdce_C_Q)         0.148     0.148 r  vga_controller/h_cnt_reg[3]/Q
                         net (fo=5, routed)           0.087     0.235    vga_controller/h_cnt_reg[3]
    SLICE_X8Y64          LUT6 (Prop_lut6_I1_O)        0.098     0.333 r  vga_controller/h_cnt[4]_i_1/O
                         net (fo=1, routed)           0.000     0.333    vga_controller/h_cnt[4]_i_1_n_0
    SLICE_X8Y64          FDCE                                         r  vga_controller/h_cnt_reg[4]/D
  -------------------------------------------------------------------    -------------------

Slack:                    inf
  Source:                 vga_controller/h_cnt_reg[0]/C
                            (rising edge-triggered cell FDCE)
  Destination:            vga_controller/h_cnt_reg[0]/D
  Path Group:             (none)
  Path Type:              Min at Fast Process Corner
  Data Path Delay:        0.371ns  (logic 0.186ns (50.099%)  route 0.185ns (49.901%))
  Logic Levels:           2  (FDCE=1 LUT6=1)

    Location             Delay type                Incr(ns)  Path(ns)    Netlist Resource(s)
  -------------------------------------------------------------------    -------------------
    SLICE_X4Y63          FDCE                         0.000     0.000 r  vga_controller/h_cnt_reg[0]/C
    SLICE_X4Y63          FDCE (Prop_fdce_C_Q)         0.141     0.141 f  vga_controller/h_cnt_reg[0]/Q
                         net (fo=7, routed)           0.185     0.326    vga_controller/h_cnt_reg_n_0_[0]
    SLICE_X4Y63          LUT6 (Prop_lut6_I0_O)        0.045     0.371 r  vga_controller/h_cnt[0]_i_1/O
                         net (fo=1, routed)           0.000     0.371    vga_controller/h_cnt[0]_i_1_n_0
    SLICE_X4Y63          FDCE                                         r  vga_controller/h_cnt_reg[0]/D
  -------------------------------------------------------------------    -------------------

Slack:                    inf
  Source:                 vga_controller/h_cnt_reg[6]/C
                            (rising edge-triggered cell FDCE)
  Destination:            vga_controller/h_cnt_reg[8]/D
  Path Group:             (none)
  Path Type:              Min at Fast Process Corner
  Data Path Delay:        0.376ns  (logic 0.186ns (49.461%)  route 0.190ns (50.539%))
  Logic Levels:           2  (FDCE=1 LUT6=1)

    Location             Delay type                Incr(ns)  Path(ns)    Netlist Resource(s)
  -------------------------------------------------------------------    -------------------
    SLICE_X4Y62          FDCE                         0.000     0.000 r  vga_controller/h_cnt_reg[6]/C
    SLICE_X4Y62          FDCE (Prop_fdce_C_Q)         0.141     0.141 r  vga_controller/h_cnt_reg[6]/Q
                         net (fo=13, routed)          0.190     0.331    vga_controller/Q[2]
    SLICE_X4Y63          LUT6 (Prop_lut6_I2_O)        0.045     0.376 r  vga_controller/h_cnt[8]_i_1/O
                         net (fo=1, routed)           0.000     0.376    vga_controller/h_cnt[8]_i_1_n_0
    SLICE_X4Y63          FDCE                                         r  vga_controller/h_cnt_reg[8]/D
  -------------------------------------------------------------------    -------------------

Slack:                    inf
  Source:                 vga_controller/h_cnt_reg[8]/C
                            (rising edge-triggered cell FDCE)
  Destination:            vga_controller/h_cnt_reg[6]/D
  Path Group:             (none)
  Path Type:              Min at Fast Process Corner
  Data Path Delay:        0.377ns  (logic 0.186ns (49.392%)  route 0.191ns (50.608%))
  Logic Levels:           2  (FDCE=1 LUT6=1)

    Location             Delay type                Incr(ns)  Path(ns)    Netlist Resource(s)
  -------------------------------------------------------------------    -------------------
    SLICE_X4Y63          FDCE                         0.000     0.000 r  vga_controller/h_cnt_reg[8]/C
    SLICE_X4Y63          FDCE (Prop_fdce_C_Q)         0.141     0.141 f  vga_controller/h_cnt_reg[8]/Q
                         net (fo=12, routed)          0.191     0.332    vga_controller/Q[4]
    SLICE_X4Y62          LUT6 (Prop_lut6_I4_O)        0.045     0.377 r  vga_controller/h_cnt[6]_i_1/O
                         net (fo=1, routed)           0.000     0.377    vga_controller/h_cnt[6]_i_1_n_0
    SLICE_X4Y62          FDCE                                         r  vga_controller/h_cnt_reg[6]/D
  -------------------------------------------------------------------    -------------------

Slack:                    inf
  Source:                 vga_controller/h_cnt_reg[6]/C
                            (rising edge-triggered cell FDCE)
  Destination:            vga_controller/h_cnt_reg[5]/D
  Path Group:             (none)
  Path Type:              Min at Fast Process Corner
  Data Path Delay:        0.377ns  (logic 0.186ns (49.329%)  route 0.191ns (50.671%))
  Logic Levels:           2  (FDCE=1 LUT6=1)

    Location             Delay type                Incr(ns)  Path(ns)    Netlist Resource(s)
  -------------------------------------------------------------------    -------------------
    SLICE_X4Y62          FDCE                         0.000     0.000 r  vga_controller/h_cnt_reg[6]/C
    SLICE_X4Y62          FDCE (Prop_fdce_C_Q)         0.141     0.141 f  vga_controller/h_cnt_reg[6]/Q
                         net (fo=13, routed)          0.191     0.332    vga_controller/Q[2]
    SLICE_X4Y63          LUT6 (Prop_lut6_I2_O)        0.045     0.377 r  vga_controller/h_cnt[5]_i_1/O
                         net (fo=1, routed)           0.000     0.377    vga_controller/h_cnt[5]_i_1_n_0
    SLICE_X4Y63          FDCE                                         r  vga_controller/h_cnt_reg[5]/D
  -------------------------------------------------------------------    -------------------

Slack:                    inf
  Source:                 vga_controller/h_cnt_reg[8]/C
                            (rising edge-triggered cell FDCE)
  Destination:            vga_controller/h_cnt_reg[7]/D
  Path Group:             (none)
  Path Type:              Min at Fast Process Corner
  Data Path Delay:        0.378ns  (logic 0.186ns (49.241%)  route 0.192ns (50.759%))
  Logic Levels:           2  (FDCE=1 LUT5=1)

    Location             Delay type                Incr(ns)  Path(ns)    Netlist Resource(s)
  -------------------------------------------------------------------    -------------------
    SLICE_X4Y63          FDCE                         0.000     0.000 r  vga_controller/h_cnt_reg[8]/C
    SLICE_X4Y63          FDCE (Prop_fdce_C_Q)         0.141     0.141 f  vga_controller/h_cnt_reg[8]/Q
                         net (fo=12, routed)          0.192     0.333    vga_controller/Q[4]
    SLICE_X4Y62          LUT5 (Prop_lut5_I3_O)        0.045     0.378 r  vga_controller/h_cnt[7]_i_1/O
                         net (fo=1, routed)           0.000     0.378    vga_controller/h_cnt[7]_i_1_n_0
    SLICE_X4Y62          FDCE                                         r  vga_controller/h_cnt_reg[7]/D
  -------------------------------------------------------------------    -------------------

Slack:                    inf
  Source:                 vga_controller/h_cnt_reg[7]/C
                            (rising edge-triggered cell FDCE)
  Destination:            vga_controller/h_cnt_reg[9]/D
  Path Group:             (none)
  Path Type:              Min at Fast Process Corner
  Data Path Delay:        0.384ns  (logic 0.186ns (48.456%)  route 0.198ns (51.544%))
  Logic Levels:           2  (FDCE=1 LUT6=1)

    Location             Delay type                Incr(ns)  Path(ns)    Netlist Resource(s)
  -------------------------------------------------------------------    -------------------
    SLICE_X4Y62          FDCE                         0.000     0.000 r  vga_controller/h_cnt_reg[7]/C
    SLICE_X4Y62          FDCE (Prop_fdce_C_Q)         0.141     0.141 r  vga_controller/h_cnt_reg[7]/Q
                         net (fo=13, routed)          0.198     0.339    vga_controller/Q[3]
    SLICE_X4Y63          LUT6 (Prop_lut6_I1_O)        0.045     0.384 r  vga_controller/h_cnt[9]_i_1/O
                         net (fo=1, routed)           0.000     0.384    vga_controller/h_cnt[9]_i_1_n_0
    SLICE_X4Y63          FDCE                                         r  vga_controller/h_cnt_reg[9]/D
  -------------------------------------------------------------------    -------------------

Slack:                    inf
  Source:                 vga_controller/pix_clock_reg/C
                            (rising edge-triggered cell FDCE)
  Destination:            vga_controller/pix_clock_reg/D
  Path Group:             (none)
  Path Type:              Min at Fast Process Corner
  Data Path Delay:        0.386ns  (logic 0.209ns (54.195%)  route 0.177ns (45.805%))
  Logic Levels:           2  (FDCE=1 LUT1=1)

    Location             Delay type                Incr(ns)  Path(ns)    Netlist Resource(s)
  -------------------------------------------------------------------    -------------------
    SLICE_X14Y46         FDCE                         0.000     0.000 r  vga_controller/pix_clock_reg/C
    SLICE_X14Y46         FDCE (Prop_fdce_C_Q)         0.164     0.164 f  vga_controller/pix_clock_reg/Q
                         net (fo=2, routed)           0.177     0.341    vga_controller/pix_clock
    SLICE_X14Y46         LUT1 (Prop_lut1_I0_O)        0.045     0.386 r  vga_controller/pix_clock_i_1/O
                         net (fo=1, routed)           0.000     0.386    vga_controller/pix_clock_i_1_n_0
    SLICE_X14Y46         FDCE                                         r  vga_controller/pix_clock_reg/D
  -------------------------------------------------------------------    -------------------

Slack:                    inf
  Source:                 vga_controller/h_cnt_reg[2]/C
                            (rising edge-triggered cell FDCE)
  Destination:            vga_controller/h_cnt_reg[3]/D
  Path Group:             (none)
  Path Type:              Min at Fast Process Corner
  Data Path Delay:        0.393ns  (logic 0.207ns (52.617%)  route 0.186ns (47.383%))
  Logic Levels:           2  (FDCE=1 LUT5=1)

    Location             Delay type                Incr(ns)  Path(ns)    Netlist Resource(s)
  -------------------------------------------------------------------    -------------------
    SLICE_X8Y64          FDCE                         0.000     0.000 r  vga_controller/h_cnt_reg[2]/C
    SLICE_X8Y64          FDCE (Prop_fdce_C_Q)         0.164     0.164 r  vga_controller/h_cnt_reg[2]/Q
                         net (fo=6, routed)           0.186     0.350    vga_controller/h_cnt_reg[2]
    SLICE_X8Y64          LUT5 (Prop_lut5_I1_O)        0.043     0.393 r  vga_controller/h_cnt[3]_i_1/O
                         net (fo=1, routed)           0.000     0.393    vga_controller/h_cnt[3]_i_1_n_0
    SLICE_X8Y64          FDCE                                         r  vga_controller/h_cnt_reg[3]/D
  -------------------------------------------------------------------    -------------------





--------------------------------------------------------------------------------------
Path Group:  (none)
From Clock:  sys_clk_pin
  To Clock:  

Max Delay            10 Endpoints
Min Delay            10 Endpoints
--------------------------------------------------------------------------------------


Max Delay Paths
--------------------------------------------------------------------------------------
Slack:                    inf
  Source:                 snake_controller/head_y_reg[0]/C
                            (rising edge-triggered cell FDCE clocked by sys_clk_pin  {rise@0.000ns fall@5.000ns period=10.000ns})
  Destination:            vga_controller/vga_r_reg[1]/R
  Path Group:             (none)
  Path Type:              Max at Slow Process Corner
  Data Path Delay:        12.110ns  (logic 2.482ns (20.495%)  route 9.628ns (79.505%))
  Logic Levels:           10  (LUT4=2 LUT5=1 LUT6=4 MUXF7=2 MUXF8=1)
  Clock Uncertainty:      0.025ns  ((TSJ^2 + TIJ^2)^1/2 + DJ) / 2 + PE
    Total System Jitter     (TSJ):    0.050ns
    Total Input Jitter      (TIJ):    0.000ns
    Discrete Jitter          (DJ):    0.000ns
    Phase Error              (PE):    0.000ns

    Location             Delay type                Incr(ns)  Path(ns)    Netlist Resource(s)
  -------------------------------------------------------------------    -------------------
                         (clock sys_clk_pin rise edge)
                                                      0.000     0.000 r  
    W5                                                0.000     0.000 r  clk (IN)
                         net (fo=0)                   0.000     0.000    clk
    W5                   IBUF (Prop_ibuf_I_O)         1.458     1.458 r  clk_IBUF_inst/O
                         net (fo=1, routed)           1.967     3.425    clk_IBUF
    BUFGCTRL_X0Y0        BUFG (Prop_bufg_I_O)         0.096     3.521 r  clk_IBUF_BUFG_inst/O
                         net (fo=42, routed)          1.624     5.145    snake_controller/clk
    SLICE_X5Y52          FDCE                                         r  snake_controller/head_y_reg[0]/C
  -------------------------------------------------------------------    -------------------
    SLICE_X5Y52          FDCE (Prop_fdce_C_Q)         0.456     5.601 f  snake_controller/head_y_reg[0]/Q
                         net (fo=29, routed)          1.562     7.162    snake_controller/head_y_reg_n_0_[0]
    SLICE_X10Y53         LUT4 (Prop_lut4_I3_O)        0.150     7.312 r  snake_controller/vga_r[3]_i_780/O
                         net (fo=40, routed)          2.731    10.043    snake_controller/vga_r[3]_i_780_n_0
    SLICE_X13Y59         LUT5 (Prop_lut5_I4_O)        0.328    10.371 r  snake_controller/vga_r[3]_i_643/O
                         net (fo=1, routed)           0.000    10.371    snake_controller/vga_r[3]_i_643_n_0
    SLICE_X13Y59         MUXF7 (Prop_muxf7_I1_O)      0.245    10.616 r  snake_controller/vga_r_reg[3]_i_391/O
                         net (fo=1, routed)           0.000    10.616    snake_controller/vga_r_reg[3]_i_391_n_0
    SLICE_X13Y59         MUXF8 (Prop_muxf8_I0_O)      0.104    10.720 r  snake_controller/vga_r_reg[3]_i_200/O
                         net (fo=1, routed)           0.968    11.688    snake_controller/vga_r_reg[3]_i_200_n_0
    SLICE_X12Y62         LUT6 (Prop_lut6_I2_O)        0.316    12.004 r  snake_controller/vga_r[3]_i_78/O
                         net (fo=1, routed)           1.108    13.112    snake_controller/vga_r[3]_i_78_n_0
    SLICE_X9Y62          LUT6 (Prop_lut6_I0_O)        0.124    13.236 r  snake_controller/vga_r[3]_i_33/O
                         net (fo=1, routed)           0.000    13.236    snake_controller/vga_r[3]_i_33_n_0
    SLICE_X9Y62          MUXF7 (Prop_muxf7_I0_O)      0.212    13.448 r  snake_controller/vga_r_reg[3]_i_19/O
                         net (fo=1, routed)           0.433    13.881    snake_controller/vga_r_reg[3]_i_19_n_0
    SLICE_X9Y62          LUT6 (Prop_lut6_I0_O)        0.299    14.180 r  snake_controller/vga_r[3]_i_9/O
                         net (fo=1, routed)           1.055    15.235    snake_controller/vga_r[3]_i_9_n_0
    SLICE_X3Y62          LUT6 (Prop_lut6_I2_O)        0.124    15.359 r  snake_controller/vga_r[3]_i_4/O
                         net (fo=8, routed)           0.844    16.203    vga_controller/vga_r1__11
    SLICE_X1Y62          LUT4 (Prop_lut4_I1_O)        0.124    16.327 r  vga_controller/vga_r[3]_i_1/O
                         net (fo=2, routed)           0.928    17.255    vga_controller/vga_r[3]_i_1_n_0
    SLICE_X0Y61          FDRE                                         r  vga_controller/vga_r_reg[1]/R
  -------------------------------------------------------------------    -------------------

Slack:                    inf
  Source:                 snake_controller/head_y_reg[0]/C
                            (rising edge-triggered cell FDCE clocked by sys_clk_pin  {rise@0.000ns fall@5.000ns period=10.000ns})
  Destination:            vga_controller/vga_r_reg[3]/R
  Path Group:             (none)
  Path Type:              Max at Slow Process Corner
  Data Path Delay:        12.110ns  (logic 2.482ns (20.495%)  route 9.628ns (79.505%))
  Logic Levels:           10  (LUT4=2 LUT5=1 LUT6=4 MUXF7=2 MUXF8=1)
  Clock Uncertainty:      0.025ns  ((TSJ^2 + TIJ^2)^1/2 + DJ) / 2 + PE
    Total System Jitter     (TSJ):    0.050ns
    Total Input Jitter      (TIJ):    0.000ns
    Discrete Jitter          (DJ):    0.000ns
    Phase Error              (PE):    0.000ns

    Location             Delay type                Incr(ns)  Path(ns)    Netlist Resource(s)
  -------------------------------------------------------------------    -------------------
                         (clock sys_clk_pin rise edge)
                                                      0.000     0.000 r  
    W5                                                0.000     0.000 r  clk (IN)
                         net (fo=0)                   0.000     0.000    clk
    W5                   IBUF (Prop_ibuf_I_O)         1.458     1.458 r  clk_IBUF_inst/O
                         net (fo=1, routed)           1.967     3.425    clk_IBUF
    BUFGCTRL_X0Y0        BUFG (Prop_bufg_I_O)         0.096     3.521 r  clk_IBUF_BUFG_inst/O
                         net (fo=42, routed)          1.624     5.145    snake_controller/clk
    SLICE_X5Y52          FDCE                                         r  snake_controller/head_y_reg[0]/C
  -------------------------------------------------------------------    -------------------
    SLICE_X5Y52          FDCE (Prop_fdce_C_Q)         0.456     5.601 f  snake_controller/head_y_reg[0]/Q
                         net (fo=29, routed)          1.562     7.162    snake_controller/head_y_reg_n_0_[0]
    SLICE_X10Y53         LUT4 (Prop_lut4_I3_O)        0.150     7.312 r  snake_controller/vga_r[3]_i_780/O
                         net (fo=40, routed)          2.731    10.043    snake_controller/vga_r[3]_i_780_n_0
    SLICE_X13Y59         LUT5 (Prop_lut5_I4_O)        0.328    10.371 r  snake_controller/vga_r[3]_i_643/O
                         net (fo=1, routed)           0.000    10.371    snake_controller/vga_r[3]_i_643_n_0
    SLICE_X13Y59         MUXF7 (Prop_muxf7_I1_O)      0.245    10.616 r  snake_controller/vga_r_reg[3]_i_391/O
                         net (fo=1, routed)           0.000    10.616    snake_controller/vga_r_reg[3]_i_391_n_0
    SLICE_X13Y59         MUXF8 (Prop_muxf8_I0_O)      0.104    10.720 r  snake_controller/vga_r_reg[3]_i_200/O
                         net (fo=1, routed)           0.968    11.688    snake_controller/vga_r_reg[3]_i_200_n_0
    SLICE_X12Y62         LUT6 (Prop_lut6_I2_O)        0.316    12.004 r  snake_controller/vga_r[3]_i_78/O
                         net (fo=1, routed)           1.108    13.112    snake_controller/vga_r[3]_i_78_n_0
    SLICE_X9Y62          LUT6 (Prop_lut6_I0_O)        0.124    13.236 r  snake_controller/vga_r[3]_i_33/O
                         net (fo=1, routed)           0.000    13.236    snake_controller/vga_r[3]_i_33_n_0
    SLICE_X9Y62          MUXF7 (Prop_muxf7_I0_O)      0.212    13.448 r  snake_controller/vga_r_reg[3]_i_19/O
                         net (fo=1, routed)           0.433    13.881    snake_controller/vga_r_reg[3]_i_19_n_0
    SLICE_X9Y62          LUT6 (Prop_lut6_I0_O)        0.299    14.180 r  snake_controller/vga_r[3]_i_9/O
                         net (fo=1, routed)           1.055    15.235    snake_controller/vga_r[3]_i_9_n_0
    SLICE_X3Y62          LUT6 (Prop_lut6_I2_O)        0.124    15.359 r  snake_controller/vga_r[3]_i_4/O
                         net (fo=8, routed)           0.844    16.203    vga_controller/vga_r1__11
    SLICE_X1Y62          LUT4 (Prop_lut4_I1_O)        0.124    16.327 r  vga_controller/vga_r[3]_i_1/O
                         net (fo=2, routed)           0.928    17.255    vga_controller/vga_r[3]_i_1_n_0
    SLICE_X0Y61          FDRE                                         r  vga_controller/vga_r_reg[3]/R
  -------------------------------------------------------------------    -------------------

Slack:                    inf
  Source:                 snake_controller/head_y_reg[0]/C
                            (rising edge-triggered cell FDCE clocked by sys_clk_pin  {rise@0.000ns fall@5.000ns period=10.000ns})
  Destination:            vga_controller/vga_r_reg[2]/D
  Path Group:             (none)
  Path Type:              Max at Slow Process Corner
  Data Path Delay:        11.787ns  (logic 2.482ns (21.056%)  route 9.305ns (78.944%))
  Logic Levels:           10  (LUT2=1 LUT4=1 LUT5=1 LUT6=4 MUXF7=2 MUXF8=1)
  Clock Uncertainty:      0.025ns  ((TSJ^2 + TIJ^2)^1/2 + DJ) / 2 + PE
    Total System Jitter     (TSJ):    0.050ns
    Total Input Jitter      (TIJ):    0.000ns
    Discrete Jitter          (DJ):    0.000ns
    Phase Error              (PE):    0.000ns

    Location             Delay type                Incr(ns)  Path(ns)    Netlist Resource(s)
  -------------------------------------------------------------------    -------------------
                         (clock sys_clk_pin rise edge)
                                                      0.000     0.000 r  
    W5                                                0.000     0.000 r  clk (IN)
                         net (fo=0)                   0.000     0.000    clk
    W5                   IBUF (Prop_ibuf_I_O)         1.458     1.458 r  clk_IBUF_inst/O
                         net (fo=1, routed)           1.967     3.425    clk_IBUF
    BUFGCTRL_X0Y0        BUFG (Prop_bufg_I_O)         0.096     3.521 r  clk_IBUF_BUFG_inst/O
                         net (fo=42, routed)          1.624     5.145    snake_controller/clk
    SLICE_X5Y52          FDCE                                         r  snake_controller/head_y_reg[0]/C
  -------------------------------------------------------------------    -------------------
    SLICE_X5Y52          FDCE (Prop_fdce_C_Q)         0.456     5.601 f  snake_controller/head_y_reg[0]/Q
                         net (fo=29, routed)          1.562     7.162    snake_controller/head_y_reg_n_0_[0]
    SLICE_X10Y53         LUT4 (Prop_lut4_I3_O)        0.150     7.312 r  snake_controller/vga_r[3]_i_780/O
                         net (fo=40, routed)          2.731    10.043    snake_controller/vga_r[3]_i_780_n_0
    SLICE_X13Y59         LUT5 (Prop_lut5_I4_O)        0.328    10.371 r  snake_controller/vga_r[3]_i_643/O
                         net (fo=1, routed)           0.000    10.371    snake_controller/vga_r[3]_i_643_n_0
    SLICE_X13Y59         MUXF7 (Prop_muxf7_I1_O)      0.245    10.616 r  snake_controller/vga_r_reg[3]_i_391/O
                         net (fo=1, routed)           0.000    10.616    snake_controller/vga_r_reg[3]_i_391_n_0
    SLICE_X13Y59         MUXF8 (Prop_muxf8_I0_O)      0.104    10.720 r  snake_controller/vga_r_reg[3]_i_200/O
                         net (fo=1, routed)           0.968    11.688    snake_controller/vga_r_reg[3]_i_200_n_0
    SLICE_X12Y62         LUT6 (Prop_lut6_I2_O)        0.316    12.004 r  snake_controller/vga_r[3]_i_78/O
                         net (fo=1, routed)           1.108    13.112    snake_controller/vga_r[3]_i_78_n_0
    SLICE_X9Y62          LUT6 (Prop_lut6_I0_O)        0.124    13.236 r  snake_controller/vga_r[3]_i_33/O
                         net (fo=1, routed)           0.000    13.236    snake_controller/vga_r[3]_i_33_n_0
    SLICE_X9Y62          MUXF7 (Prop_muxf7_I0_O)      0.212    13.448 r  snake_controller/vga_r_reg[3]_i_19/O
                         net (fo=1, routed)           0.433    13.881    snake_controller/vga_r_reg[3]_i_19_n_0
    SLICE_X9Y62          LUT6 (Prop_lut6_I0_O)        0.299    14.180 r  snake_controller/vga_r[3]_i_9/O
                         net (fo=1, routed)           1.055    15.235    snake_controller/vga_r[3]_i_9_n_0
    SLICE_X3Y62          LUT6 (Prop_lut6_I2_O)        0.124    15.359 r  snake_controller/vga_r[3]_i_4/O
                         net (fo=8, routed)           0.679    16.038    snake_controller/vga_r1__11
    SLICE_X0Y62          LUT2 (Prop_lut2_I0_O)        0.124    16.162 r  snake_controller/vga_r[2]_i_2/O
                         net (fo=1, routed)           0.770    16.932    vga_controller/D[0]
    SLICE_X1Y62          FDRE                                         r  vga_controller/vga_r_reg[2]/D
  -------------------------------------------------------------------    -------------------

Slack:                    inf
  Source:                 snake_controller/head_y_reg[0]/C
                            (rising edge-triggered cell FDCE clocked by sys_clk_pin  {rise@0.000ns fall@5.000ns period=10.000ns})
  Destination:            vga_controller/vga_b_reg[1]_lopt_replica/D
  Path Group:             (none)
  Path Type:              Max at Slow Process Corner
  Data Path Delay:        11.671ns  (logic 2.508ns (21.490%)  route 9.163ns (78.510%))
  Logic Levels:           10  (LUT2=1 LUT4=1 LUT5=1 LUT6=4 MUXF7=2 MUXF8=1)
  Clock Uncertainty:      0.025ns  ((TSJ^2 + TIJ^2)^1/2 + DJ) / 2 + PE
    Total System Jitter     (TSJ):    0.050ns
    Total Input Jitter      (TIJ):    0.000ns
    Discrete Jitter          (DJ):    0.000ns
    Phase Error              (PE):    0.000ns

    Location             Delay type                Incr(ns)  Path(ns)    Netlist Resource(s)
  -------------------------------------------------------------------    -------------------
                         (clock sys_clk_pin rise edge)
                                                      0.000     0.000 r  
    W5                                                0.000     0.000 r  clk (IN)
                         net (fo=0)                   0.000     0.000    clk
    W5                   IBUF (Prop_ibuf_I_O)         1.458     1.458 r  clk_IBUF_inst/O
                         net (fo=1, routed)           1.967     3.425    clk_IBUF
    BUFGCTRL_X0Y0        BUFG (Prop_bufg_I_O)         0.096     3.521 r  clk_IBUF_BUFG_inst/O
                         net (fo=42, routed)          1.624     5.145    snake_controller/clk
    SLICE_X5Y52          FDCE                                         r  snake_controller/head_y_reg[0]/C
  -------------------------------------------------------------------    -------------------
    SLICE_X5Y52          FDCE (Prop_fdce_C_Q)         0.456     5.601 f  snake_controller/head_y_reg[0]/Q
                         net (fo=29, routed)          1.562     7.162    snake_controller/head_y_reg_n_0_[0]
    SLICE_X10Y53         LUT4 (Prop_lut4_I3_O)        0.150     7.312 r  snake_controller/vga_r[3]_i_780/O
                         net (fo=40, routed)          2.731    10.043    snake_controller/vga_r[3]_i_780_n_0
    SLICE_X13Y59         LUT5 (Prop_lut5_I4_O)        0.328    10.371 r  snake_controller/vga_r[3]_i_643/O
                         net (fo=1, routed)           0.000    10.371    snake_controller/vga_r[3]_i_643_n_0
    SLICE_X13Y59         MUXF7 (Prop_muxf7_I1_O)      0.245    10.616 r  snake_controller/vga_r_reg[3]_i_391/O
                         net (fo=1, routed)           0.000    10.616    snake_controller/vga_r_reg[3]_i_391_n_0
    SLICE_X13Y59         MUXF8 (Prop_muxf8_I0_O)      0.104    10.720 r  snake_controller/vga_r_reg[3]_i_200/O
                         net (fo=1, routed)           0.968    11.688    snake_controller/vga_r_reg[3]_i_200_n_0
    SLICE_X12Y62         LUT6 (Prop_lut6_I2_O)        0.316    12.004 r  snake_controller/vga_r[3]_i_78/O
                         net (fo=1, routed)           1.108    13.112    snake_controller/vga_r[3]_i_78_n_0
    SLICE_X9Y62          LUT6 (Prop_lut6_I0_O)        0.124    13.236 r  snake_controller/vga_r[3]_i_33/O
                         net (fo=1, routed)           0.000    13.236    snake_controller/vga_r[3]_i_33_n_0
    SLICE_X9Y62          MUXF7 (Prop_muxf7_I0_O)      0.212    13.448 r  snake_controller/vga_r_reg[3]_i_19/O
                         net (fo=1, routed)           0.433    13.881    snake_controller/vga_r_reg[3]_i_19_n_0
    SLICE_X9Y62          LUT6 (Prop_lut6_I0_O)        0.299    14.180 r  snake_controller/vga_r[3]_i_9/O
                         net (fo=1, routed)           1.055    15.235    snake_controller/vga_r[3]_i_9_n_0
    SLICE_X3Y62          LUT6 (Prop_lut6_I2_O)        0.124    15.359 r  snake_controller/vga_r[3]_i_4/O
                         net (fo=8, routed)           0.679    16.038    snake_controller/vga_r1__11
    SLICE_X0Y62          LUT2 (Prop_lut2_I0_O)        0.150    16.188 r  snake_controller/vga_b[1]_i_1/O
                         net (fo=2, routed)           0.628    16.815    vga_controller/vga_b_reg[1]_0
    SLICE_X0Y62          FDRE                                         r  vga_controller/vga_b_reg[1]_lopt_replica/D
  -------------------------------------------------------------------    -------------------

Slack:                    inf
  Source:                 snake_controller/head_y_reg[0]/C
                            (rising edge-triggered cell FDCE clocked by sys_clk_pin  {rise@0.000ns fall@5.000ns period=10.000ns})
  Destination:            vga_controller/vga_r_reg[0]/D
  Path Group:             (none)
  Path Type:              Max at Slow Process Corner
  Data Path Delay:        11.428ns  (logic 2.482ns (21.718%)  route 8.946ns (78.282%))
  Logic Levels:           10  (LUT4=2 LUT5=1 LUT6=4 MUXF7=2 MUXF8=1)
  Clock Uncertainty:      0.025ns  ((TSJ^2 + TIJ^2)^1/2 + DJ) / 2 + PE
    Total System Jitter     (TSJ):    0.050ns
    Total Input Jitter      (TIJ):    0.000ns
    Discrete Jitter          (DJ):    0.000ns
    Phase Error              (PE):    0.000ns

    Location             Delay type                Incr(ns)  Path(ns)    Netlist Resource(s)
  -------------------------------------------------------------------    -------------------
                         (clock sys_clk_pin rise edge)
                                                      0.000     0.000 r  
    W5                                                0.000     0.000 r  clk (IN)
                         net (fo=0)                   0.000     0.000    clk
    W5                   IBUF (Prop_ibuf_I_O)         1.458     1.458 r  clk_IBUF_inst/O
                         net (fo=1, routed)           1.967     3.425    clk_IBUF
    BUFGCTRL_X0Y0        BUFG (Prop_bufg_I_O)         0.096     3.521 r  clk_IBUF_BUFG_inst/O
                         net (fo=42, routed)          1.624     5.145    snake_controller/clk
    SLICE_X5Y52          FDCE                                         r  snake_controller/head_y_reg[0]/C
  -------------------------------------------------------------------    -------------------
    SLICE_X5Y52          FDCE (Prop_fdce_C_Q)         0.456     5.601 r  snake_controller/head_y_reg[0]/Q
                         net (fo=29, routed)          1.562     7.162    snake_controller/head_y_reg_n_0_[0]
    SLICE_X10Y53         LUT4 (Prop_lut4_I3_O)        0.150     7.312 f  snake_controller/vga_r[3]_i_780/O
                         net (fo=40, routed)          2.731    10.043    snake_controller/vga_r[3]_i_780_n_0
    SLICE_X13Y59         LUT5 (Prop_lut5_I4_O)        0.328    10.371 f  snake_controller/vga_r[3]_i_643/O
                         net (fo=1, routed)           0.000    10.371    snake_controller/vga_r[3]_i_643_n_0
    SLICE_X13Y59         MUXF7 (Prop_muxf7_I1_O)      0.245    10.616 f  snake_controller/vga_r_reg[3]_i_391/O
                         net (fo=1, routed)           0.000    10.616    snake_controller/vga_r_reg[3]_i_391_n_0
    SLICE_X13Y59         MUXF8 (Prop_muxf8_I0_O)      0.104    10.720 f  snake_controller/vga_r_reg[3]_i_200/O
                         net (fo=1, routed)           0.968    11.688    snake_controller/vga_r_reg[3]_i_200_n_0
    SLICE_X12Y62         LUT6 (Prop_lut6_I2_O)        0.316    12.004 f  snake_controller/vga_r[3]_i_78/O
                         net (fo=1, routed)           1.108    13.112    snake_controller/vga_r[3]_i_78_n_0
    SLICE_X9Y62          LUT6 (Prop_lut6_I0_O)        0.124    13.236 f  snake_controller/vga_r[3]_i_33/O
                         net (fo=1, routed)           0.000    13.236    snake_controller/vga_r[3]_i_33_n_0
    SLICE_X9Y62          MUXF7 (Prop_muxf7_I0_O)      0.212    13.448 f  snake_controller/vga_r_reg[3]_i_19/O
                         net (fo=1, routed)           0.433    13.881    snake_controller/vga_r_reg[3]_i_19_n_0
    SLICE_X9Y62          LUT6 (Prop_lut6_I0_O)        0.299    14.180 f  snake_controller/vga_r[3]_i_9/O
                         net (fo=1, routed)           1.055    15.235    snake_controller/vga_r[3]_i_9_n_0
    SLICE_X3Y62          LUT6 (Prop_lut6_I2_O)        0.124    15.359 f  snake_controller/vga_r[3]_i_4/O
                         net (fo=8, routed)           0.456    15.815    vga_controller/vga_r1__11
    SLICE_X3Y62          LUT4 (Prop_lut4_I0_O)        0.124    15.939 r  vga_controller/vga_r[0]_i_1/O
                         net (fo=1, routed)           0.634    16.573    vga_controller/vga_r[0]_i_1_n_0
    SLICE_X1Y62          FDSE                                         r  vga_controller/vga_r_reg[0]/D
  -------------------------------------------------------------------    -------------------

Slack:                    inf
  Source:                 snake_controller/head_y_reg[0]/C
                            (rising edge-triggered cell FDCE clocked by sys_clk_pin  {rise@0.000ns fall@5.000ns period=10.000ns})
  Destination:            vga_controller/vga_g_reg[1]/D
  Path Group:             (none)
  Path Type:              Max at Slow Process Corner
  Data Path Delay:        11.271ns  (logic 2.514ns (22.304%)  route 8.757ns (77.696%))
  Logic Levels:           10  (LUT3=1 LUT4=1 LUT5=1 LUT6=4 MUXF7=2 MUXF8=1)
  Clock Uncertainty:      0.025ns  ((TSJ^2 + TIJ^2)^1/2 + DJ) / 2 + PE
    Total System Jitter     (TSJ):    0.050ns
    Total Input Jitter      (TIJ):    0.000ns
    Discrete Jitter          (DJ):    0.000ns
    Phase Error              (PE):    0.000ns

    Location             Delay type                Incr(ns)  Path(ns)    Netlist Resource(s)
  -------------------------------------------------------------------    -------------------
                         (clock sys_clk_pin rise edge)
                                                      0.000     0.000 r  
    W5                                                0.000     0.000 r  clk (IN)
                         net (fo=0)                   0.000     0.000    clk
    W5                   IBUF (Prop_ibuf_I_O)         1.458     1.458 r  clk_IBUF_inst/O
                         net (fo=1, routed)           1.967     3.425    clk_IBUF
    BUFGCTRL_X0Y0        BUFG (Prop_bufg_I_O)         0.096     3.521 r  clk_IBUF_BUFG_inst/O
                         net (fo=42, routed)          1.624     5.145    snake_controller/clk
    SLICE_X5Y52          FDCE                                         r  snake_controller/head_y_reg[0]/C
  -------------------------------------------------------------------    -------------------
    SLICE_X5Y52          FDCE (Prop_fdce_C_Q)         0.456     5.601 f  snake_controller/head_y_reg[0]/Q
                         net (fo=29, routed)          1.562     7.162    snake_controller/head_y_reg_n_0_[0]
    SLICE_X10Y53         LUT4 (Prop_lut4_I3_O)        0.150     7.312 r  snake_controller/vga_r[3]_i_780/O
                         net (fo=40, routed)          2.731    10.043    snake_controller/vga_r[3]_i_780_n_0
    SLICE_X13Y59         LUT5 (Prop_lut5_I4_O)        0.328    10.371 r  snake_controller/vga_r[3]_i_643/O
                         net (fo=1, routed)           0.000    10.371    snake_controller/vga_r[3]_i_643_n_0
    SLICE_X13Y59         MUXF7 (Prop_muxf7_I1_O)      0.245    10.616 r  snake_controller/vga_r_reg[3]_i_391/O
                         net (fo=1, routed)           0.000    10.616    snake_controller/vga_r_reg[3]_i_391_n_0
    SLICE_X13Y59         MUXF8 (Prop_muxf8_I0_O)      0.104    10.720 r  snake_controller/vga_r_reg[3]_i_200/O
                         net (fo=1, routed)           0.968    11.688    snake_controller/vga_r_reg[3]_i_200_n_0
    SLICE_X12Y62         LUT6 (Prop_lut6_I2_O)        0.316    12.004 r  snake_controller/vga_r[3]_i_78/O
                         net (fo=1, routed)           1.108    13.112    snake_controller/vga_r[3]_i_78_n_0
    SLICE_X9Y62          LUT6 (Prop_lut6_I0_O)        0.124    13.236 r  snake_controller/vga_r[3]_i_33/O
                         net (fo=1, routed)           0.000    13.236    snake_controller/vga_r[3]_i_33_n_0
    SLICE_X9Y62          MUXF7 (Prop_muxf7_I0_O)      0.212    13.448 r  snake_controller/vga_r_reg[3]_i_19/O
                         net (fo=1, routed)           0.433    13.881    snake_controller/vga_r_reg[3]_i_19_n_0
    SLICE_X9Y62          LUT6 (Prop_lut6_I0_O)        0.299    14.180 r  snake_controller/vga_r[3]_i_9/O
                         net (fo=1, routed)           1.055    15.235    snake_controller/vga_r[3]_i_9_n_0
    SLICE_X3Y62          LUT6 (Prop_lut6_I2_O)        0.124    15.359 r  snake_controller/vga_r[3]_i_4/O
                         net (fo=8, routed)           0.901    16.260    vga_controller/vga_r1__11
    SLICE_X2Y62          LUT3 (Prop_lut3_I0_O)        0.156    16.416 r  vga_controller/vga_g[1]_i_1/O
                         net (fo=1, routed)           0.000    16.416    vga_controller/vga_g[1]_i_1_n_0
    SLICE_X2Y62          FDRE                                         r  vga_controller/vga_g_reg[1]/D
  -------------------------------------------------------------------    -------------------

Slack:                    inf
  Source:                 snake_controller/head_y_reg[0]/C
                            (rising edge-triggered cell FDCE clocked by sys_clk_pin  {rise@0.000ns fall@5.000ns period=10.000ns})
  Destination:            vga_controller/vga_g_reg[0]/D
  Path Group:             (none)
  Path Type:              Max at Slow Process Corner
  Data Path Delay:        11.239ns  (logic 2.482ns (22.083%)  route 8.757ns (77.917%))
  Logic Levels:           10  (LUT4=1 LUT5=2 LUT6=4 MUXF7=2 MUXF8=1)
  Clock Uncertainty:      0.025ns  ((TSJ^2 + TIJ^2)^1/2 + DJ) / 2 + PE
    Total System Jitter     (TSJ):    0.050ns
    Total Input Jitter      (TIJ):    0.000ns
    Discrete Jitter          (DJ):    0.000ns
    Phase Error              (PE):    0.000ns

    Location             Delay type                Incr(ns)  Path(ns)    Netlist Resource(s)
  -------------------------------------------------------------------    -------------------
                         (clock sys_clk_pin rise edge)
                                                      0.000     0.000 r  
    W5                                                0.000     0.000 r  clk (IN)
                         net (fo=0)                   0.000     0.000    clk
    W5                   IBUF (Prop_ibuf_I_O)         1.458     1.458 r  clk_IBUF_inst/O
                         net (fo=1, routed)           1.967     3.425    clk_IBUF
    BUFGCTRL_X0Y0        BUFG (Prop_bufg_I_O)         0.096     3.521 r  clk_IBUF_BUFG_inst/O
                         net (fo=42, routed)          1.624     5.145    snake_controller/clk
    SLICE_X5Y52          FDCE                                         r  snake_controller/head_y_reg[0]/C
  -------------------------------------------------------------------    -------------------
    SLICE_X5Y52          FDCE (Prop_fdce_C_Q)         0.456     5.601 f  snake_controller/head_y_reg[0]/Q
                         net (fo=29, routed)          1.562     7.162    snake_controller/head_y_reg_n_0_[0]
    SLICE_X10Y53         LUT4 (Prop_lut4_I3_O)        0.150     7.312 r  snake_controller/vga_r[3]_i_780/O
                         net (fo=40, routed)          2.731    10.043    snake_controller/vga_r[3]_i_780_n_0
    SLICE_X13Y59         LUT5 (Prop_lut5_I4_O)        0.328    10.371 r  snake_controller/vga_r[3]_i_643/O
                         net (fo=1, routed)           0.000    10.371    snake_controller/vga_r[3]_i_643_n_0
    SLICE_X13Y59         MUXF7 (Prop_muxf7_I1_O)      0.245    10.616 r  snake_controller/vga_r_reg[3]_i_391/O
                         net (fo=1, routed)           0.000    10.616    snake_controller/vga_r_reg[3]_i_391_n_0
    SLICE_X13Y59         MUXF8 (Prop_muxf8_I0_O)      0.104    10.720 r  snake_controller/vga_r_reg[3]_i_200/O
                         net (fo=1, routed)           0.968    11.688    snake_controller/vga_r_reg[3]_i_200_n_0
    SLICE_X12Y62         LUT6 (Prop_lut6_I2_O)        0.316    12.004 r  snake_controller/vga_r[3]_i_78/O
                         net (fo=1, routed)           1.108    13.112    snake_controller/vga_r[3]_i_78_n_0
    SLICE_X9Y62          LUT6 (Prop_lut6_I0_O)        0.124    13.236 r  snake_controller/vga_r[3]_i_33/O
                         net (fo=1, routed)           0.000    13.236    snake_controller/vga_r[3]_i_33_n_0
    SLICE_X9Y62          MUXF7 (Prop_muxf7_I0_O)      0.212    13.448 r  snake_controller/vga_r_reg[3]_i_19/O
                         net (fo=1, routed)           0.433    13.881    snake_controller/vga_r_reg[3]_i_19_n_0
    SLICE_X9Y62          LUT6 (Prop_lut6_I0_O)        0.299    14.180 r  snake_controller/vga_r[3]_i_9/O
                         net (fo=1, routed)           1.055    15.235    snake_controller/vga_r[3]_i_9_n_0
    SLICE_X3Y62          LUT6 (Prop_lut6_I2_O)        0.124    15.359 r  snake_controller/vga_r[3]_i_4/O
                         net (fo=8, routed)           0.901    16.260    vga_controller/vga_r1__11
    SLICE_X2Y62          LUT5 (Prop_lut5_I1_O)        0.124    16.384 r  vga_controller/vga_g[0]_i_1/O
                         net (fo=1, routed)           0.000    16.384    vga_controller/vga_g[0]_i_1_n_0
    SLICE_X2Y62          FDRE                                         r  vga_controller/vga_g_reg[0]/D
  -------------------------------------------------------------------    -------------------

Slack:                    inf
  Source:                 snake_controller/head_y_reg[0]/C
                            (rising edge-triggered cell FDCE clocked by sys_clk_pin  {rise@0.000ns fall@5.000ns period=10.000ns})
  Destination:            vga_controller/vga_b_reg[1]/D
  Path Group:             (none)
  Path Type:              Max at Slow Process Corner
  Data Path Delay:        11.043ns  (logic 2.508ns (22.711%)  route 8.535ns (77.289%))
  Logic Levels:           10  (LUT2=1 LUT4=1 LUT5=1 LUT6=4 MUXF7=2 MUXF8=1)
  Clock Uncertainty:      0.025ns  ((TSJ^2 + TIJ^2)^1/2 + DJ) / 2 + PE
    Total System Jitter     (TSJ):    0.050ns
    Total Input Jitter      (TIJ):    0.000ns
    Discrete Jitter          (DJ):    0.000ns
    Phase Error              (PE):    0.000ns

    Location             Delay type                Incr(ns)  Path(ns)    Netlist Resource(s)
  -------------------------------------------------------------------    -------------------
                         (clock sys_clk_pin rise edge)
                                                      0.000     0.000 r  
    W5                                                0.000     0.000 r  clk (IN)
                         net (fo=0)                   0.000     0.000    clk
    W5                   IBUF (Prop_ibuf_I_O)         1.458     1.458 r  clk_IBUF_inst/O
                         net (fo=1, routed)           1.967     3.425    clk_IBUF
    BUFGCTRL_X0Y0        BUFG (Prop_bufg_I_O)         0.096     3.521 r  clk_IBUF_BUFG_inst/O
                         net (fo=42, routed)          1.624     5.145    snake_controller/clk
    SLICE_X5Y52          FDCE                                         r  snake_controller/head_y_reg[0]/C
  -------------------------------------------------------------------    -------------------
    SLICE_X5Y52          FDCE (Prop_fdce_C_Q)         0.456     5.601 f  snake_controller/head_y_reg[0]/Q
                         net (fo=29, routed)          1.562     7.162    snake_controller/head_y_reg_n_0_[0]
    SLICE_X10Y53         LUT4 (Prop_lut4_I3_O)        0.150     7.312 r  snake_controller/vga_r[3]_i_780/O
                         net (fo=40, routed)          2.731    10.043    snake_controller/vga_r[3]_i_780_n_0
    SLICE_X13Y59         LUT5 (Prop_lut5_I4_O)        0.328    10.371 r  snake_controller/vga_r[3]_i_643/O
                         net (fo=1, routed)           0.000    10.371    snake_controller/vga_r[3]_i_643_n_0
    SLICE_X13Y59         MUXF7 (Prop_muxf7_I1_O)      0.245    10.616 r  snake_controller/vga_r_reg[3]_i_391/O
                         net (fo=1, routed)           0.000    10.616    snake_controller/vga_r_reg[3]_i_391_n_0
    SLICE_X13Y59         MUXF8 (Prop_muxf8_I0_O)      0.104    10.720 r  snake_controller/vga_r_reg[3]_i_200/O
                         net (fo=1, routed)           0.968    11.688    snake_controller/vga_r_reg[3]_i_200_n_0
    SLICE_X12Y62         LUT6 (Prop_lut6_I2_O)        0.316    12.004 r  snake_controller/vga_r[3]_i_78/O
                         net (fo=1, routed)           1.108    13.112    snake_controller/vga_r[3]_i_78_n_0
    SLICE_X9Y62          LUT6 (Prop_lut6_I0_O)        0.124    13.236 r  snake_controller/vga_r[3]_i_33/O
                         net (fo=1, routed)           0.000    13.236    snake_controller/vga_r[3]_i_33_n_0
    SLICE_X9Y62          MUXF7 (Prop_muxf7_I0_O)      0.212    13.448 r  snake_controller/vga_r_reg[3]_i_19/O
                         net (fo=1, routed)           0.433    13.881    snake_controller/vga_r_reg[3]_i_19_n_0
    SLICE_X9Y62          LUT6 (Prop_lut6_I0_O)        0.299    14.180 r  snake_controller/vga_r[3]_i_9/O
                         net (fo=1, routed)           1.055    15.235    snake_controller/vga_r[3]_i_9_n_0
    SLICE_X3Y62          LUT6 (Prop_lut6_I2_O)        0.124    15.359 r  snake_controller/vga_r[3]_i_4/O
                         net (fo=8, routed)           0.679    16.038    snake_controller/vga_r1__11
    SLICE_X0Y62          LUT2 (Prop_lut2_I0_O)        0.150    16.188 r  snake_controller/vga_b[1]_i_1/O
                         net (fo=2, routed)           0.000    16.188    vga_controller/vga_b_reg[1]_0
    SLICE_X0Y62          FDRE                                         r  vga_controller/vga_b_reg[1]/D
  -------------------------------------------------------------------    -------------------

Slack:                    inf
  Source:                 snake_controller/head_y_reg[0]/C
                            (rising edge-triggered cell FDCE clocked by sys_clk_pin  {rise@0.000ns fall@5.000ns period=10.000ns})
  Destination:            vga_controller/vga_b_reg[0]/D
  Path Group:             (none)
  Path Type:              Max at Slow Process Corner
  Data Path Delay:        10.791ns  (logic 2.482ns (23.001%)  route 8.309ns (76.999%))
  Logic Levels:           10  (LUT4=2 LUT5=1 LUT6=4 MUXF7=2 MUXF8=1)
  Clock Uncertainty:      0.025ns  ((TSJ^2 + TIJ^2)^1/2 + DJ) / 2 + PE
    Total System Jitter     (TSJ):    0.050ns
    Total Input Jitter      (TIJ):    0.000ns
    Discrete Jitter          (DJ):    0.000ns
    Phase Error              (PE):    0.000ns

    Location             Delay type                Incr(ns)  Path(ns)    Netlist Resource(s)
  -------------------------------------------------------------------    -------------------
                         (clock sys_clk_pin rise edge)
                                                      0.000     0.000 r  
    W5                                                0.000     0.000 r  clk (IN)
                         net (fo=0)                   0.000     0.000    clk
    W5                   IBUF (Prop_ibuf_I_O)         1.458     1.458 r  clk_IBUF_inst/O
                         net (fo=1, routed)           1.967     3.425    clk_IBUF
    BUFGCTRL_X0Y0        BUFG (Prop_bufg_I_O)         0.096     3.521 r  clk_IBUF_BUFG_inst/O
                         net (fo=42, routed)          1.624     5.145    snake_controller/clk
    SLICE_X5Y52          FDCE                                         r  snake_controller/head_y_reg[0]/C
  -------------------------------------------------------------------    -------------------
    SLICE_X5Y52          FDCE (Prop_fdce_C_Q)         0.456     5.601 f  snake_controller/head_y_reg[0]/Q
                         net (fo=29, routed)          1.562     7.162    snake_controller/head_y_reg_n_0_[0]
    SLICE_X10Y53         LUT4 (Prop_lut4_I3_O)        0.150     7.312 r  snake_controller/vga_r[3]_i_780/O
                         net (fo=40, routed)          2.731    10.043    snake_controller/vga_r[3]_i_780_n_0
    SLICE_X13Y59         LUT5 (Prop_lut5_I4_O)        0.328    10.371 r  snake_controller/vga_r[3]_i_643/O
                         net (fo=1, routed)           0.000    10.371    snake_controller/vga_r[3]_i_643_n_0
    SLICE_X13Y59         MUXF7 (Prop_muxf7_I1_O)      0.245    10.616 r  snake_controller/vga_r_reg[3]_i_391/O
                         net (fo=1, routed)           0.000    10.616    snake_controller/vga_r_reg[3]_i_391_n_0
    SLICE_X13Y59         MUXF8 (Prop_muxf8_I0_O)      0.104    10.720 r  snake_controller/vga_r_reg[3]_i_200/O
                         net (fo=1, routed)           0.968    11.688    snake_controller/vga_r_reg[3]_i_200_n_0
    SLICE_X12Y62         LUT6 (Prop_lut6_I2_O)        0.316    12.004 r  snake_controller/vga_r[3]_i_78/O
                         net (fo=1, routed)           1.108    13.112    snake_controller/vga_r[3]_i_78_n_0
    SLICE_X9Y62          LUT6 (Prop_lut6_I0_O)        0.124    13.236 r  snake_controller/vga_r[3]_i_33/O
                         net (fo=1, routed)           0.000    13.236    snake_controller/vga_r[3]_i_33_n_0
    SLICE_X9Y62          MUXF7 (Prop_muxf7_I0_O)      0.212    13.448 r  snake_controller/vga_r_reg[3]_i_19/O
                         net (fo=1, routed)           0.433    13.881    snake_controller/vga_r_reg[3]_i_19_n_0
    SLICE_X9Y62          LUT6 (Prop_lut6_I0_O)        0.299    14.180 r  snake_controller/vga_r[3]_i_9/O
                         net (fo=1, routed)           1.055    15.235    snake_controller/vga_r[3]_i_9_n_0
    SLICE_X3Y62          LUT6 (Prop_lut6_I2_O)        0.124    15.359 r  snake_controller/vga_r[3]_i_4/O
                         net (fo=8, routed)           0.452    15.812    vga_controller/vga_r1__11
    SLICE_X0Y62          LUT4 (Prop_lut4_I3_O)        0.124    15.936 r  vga_controller/vga_b[0]_i_1/O
                         net (fo=1, routed)           0.000    15.936    vga_controller/vga_b[0]_i_1_n_0
    SLICE_X0Y62          FDRE                                         r  vga_controller/vga_b_reg[0]/D
  -------------------------------------------------------------------    -------------------

Slack:                    inf
  Source:                 snake_controller/head_y_reg[0]/C
                            (rising edge-triggered cell FDCE clocked by sys_clk_pin  {rise@0.000ns fall@5.000ns period=10.000ns})
  Destination:            vga_controller/vga_g_reg[3]/D
  Path Group:             (none)
  Path Type:              Max at Slow Process Corner
  Data Path Delay:        10.786ns  (logic 2.477ns (22.966%)  route 8.309ns (77.034%))
  Logic Levels:           10  (LUT2=1 LUT4=1 LUT5=1 LUT6=4 MUXF7=2 MUXF8=1)
  Clock Uncertainty:      0.025ns  ((TSJ^2 + TIJ^2)^1/2 + DJ) / 2 + PE
    Total System Jitter     (TSJ):    0.050ns
    Total Input Jitter      (TIJ):    0.000ns
    Discrete Jitter          (DJ):    0.000ns
    Phase Error              (PE):    0.000ns

    Location             Delay type                Incr(ns)  Path(ns)    Netlist Resource(s)
  -------------------------------------------------------------------    -------------------
                         (clock sys_clk_pin rise edge)
                                                      0.000     0.000 r  
    W5                                                0.000     0.000 r  clk (IN)
                         net (fo=0)                   0.000     0.000    clk
    W5                   IBUF (Prop_ibuf_I_O)         1.458     1.458 r  clk_IBUF_inst/O
                         net (fo=1, routed)           1.967     3.425    clk_IBUF
    BUFGCTRL_X0Y0        BUFG (Prop_bufg_I_O)         0.096     3.521 r  clk_IBUF_BUFG_inst/O
                         net (fo=42, routed)          1.624     5.145    snake_controller/clk
    SLICE_X5Y52          FDCE                                         r  snake_controller/head_y_reg[0]/C
  -------------------------------------------------------------------    -------------------
    SLICE_X5Y52          FDCE (Prop_fdce_C_Q)         0.456     5.601 r  snake_controller/head_y_reg[0]/Q
                         net (fo=29, routed)          1.562     7.162    snake_controller/head_y_reg_n_0_[0]
    SLICE_X10Y53         LUT4 (Prop_lut4_I3_O)        0.150     7.312 f  snake_controller/vga_r[3]_i_780/O
                         net (fo=40, routed)          2.731    10.043    snake_controller/vga_r[3]_i_780_n_0
    SLICE_X13Y59         LUT5 (Prop_lut5_I4_O)        0.328    10.371 f  snake_controller/vga_r[3]_i_643/O
                         net (fo=1, routed)           0.000    10.371    snake_controller/vga_r[3]_i_643_n_0
    SLICE_X13Y59         MUXF7 (Prop_muxf7_I1_O)      0.245    10.616 f  snake_controller/vga_r_reg[3]_i_391/O
                         net (fo=1, routed)           0.000    10.616    snake_controller/vga_r_reg[3]_i_391_n_0
    SLICE_X13Y59         MUXF8 (Prop_muxf8_I0_O)      0.104    10.720 f  snake_controller/vga_r_reg[3]_i_200/O
                         net (fo=1, routed)           0.968    11.688    snake_controller/vga_r_reg[3]_i_200_n_0
    SLICE_X12Y62         LUT6 (Prop_lut6_I2_O)        0.316    12.004 f  snake_controller/vga_r[3]_i_78/O
                         net (fo=1, routed)           1.108    13.112    snake_controller/vga_r[3]_i_78_n_0
    SLICE_X9Y62          LUT6 (Prop_lut6_I0_O)        0.124    13.236 f  snake_controller/vga_r[3]_i_33/O
                         net (fo=1, routed)           0.000    13.236    snake_controller/vga_r[3]_i_33_n_0
    SLICE_X9Y62          MUXF7 (Prop_muxf7_I0_O)      0.212    13.448 f  snake_controller/vga_r_reg[3]_i_19/O
                         net (fo=1, routed)           0.433    13.881    snake_controller/vga_r_reg[3]_i_19_n_0
    SLICE_X9Y62          LUT6 (Prop_lut6_I0_O)        0.299    14.180 f  snake_controller/vga_r[3]_i_9/O
                         net (fo=1, routed)           1.055    15.235    snake_controller/vga_r[3]_i_9_n_0
    SLICE_X3Y62          LUT6 (Prop_lut6_I2_O)        0.124    15.359 f  snake_controller/vga_r[3]_i_4/O
                         net (fo=8, routed)           0.452    15.812    vga_controller/vga_r1__11
    SLICE_X0Y62          LUT2 (Prop_lut2_I1_O)        0.119    15.931 r  vga_controller/vga_g[3]_i_2/O
                         net (fo=1, routed)           0.000    15.931    vga_controller/vga_g[3]_i_2_n_0
    SLICE_X0Y62          FDRE                                         r  vga_controller/vga_g_reg[3]/D
  -------------------------------------------------------------------    -------------------





Min Delay Paths
--------------------------------------------------------------------------------------
Slack:                    inf
  Source:                 snake_controller/head_x_reg[1]/C
                            (rising edge-triggered cell FDCE clocked by sys_clk_pin  {rise@0.000ns fall@5.000ns period=10.000ns})
  Destination:            vga_controller/vga_b_reg[0]/D
  Path Group:             (none)
  Path Type:              Min at Fast Process Corner
  Data Path Delay:        1.781ns  (logic 0.517ns (29.032%)  route 1.264ns (70.968%))
  Logic Levels:           7  (LUT4=2 LUT6=3 MUXF7=1 MUXF8=1)
  Clock Uncertainty:      0.025ns  ((TSJ^2 + TIJ^2)^1/2 + DJ) / 2 + PE
    Total System Jitter     (TSJ):    0.050ns
    Total Input Jitter      (TIJ):    0.000ns
    Discrete Jitter          (DJ):    0.000ns
    Phase Error              (PE):    0.000ns

    Location             Delay type                Incr(ns)  Path(ns)    Netlist Resource(s)
  -------------------------------------------------------------------    -------------------
                         (clock sys_clk_pin rise edge)
                                                      0.000     0.000 r  
    W5                                                0.000     0.000 r  clk (IN)
                         net (fo=0)                   0.000     0.000    clk
    W5                   IBUF (Prop_ibuf_I_O)         0.226     0.226 r  clk_IBUF_inst/O
                         net (fo=1, routed)           0.631     0.858    clk_IBUF
    BUFGCTRL_X0Y0        BUFG (Prop_bufg_I_O)         0.026     0.884 r  clk_IBUF_BUFG_inst/O
                         net (fo=42, routed)          0.591     1.474    snake_controller/clk
    SLICE_X7Y53          FDCE                                         r  snake_controller/head_x_reg[1]/C
  -------------------------------------------------------------------    -------------------
    SLICE_X7Y53          FDCE (Prop_fdce_C_Q)         0.141     1.615 r  snake_controller/head_x_reg[1]/Q
                         net (fo=152, routed)         0.168     1.783    snake_controller/head_x__0[1]
    SLICE_X5Y53          LUT4 (Prop_lut4_I3_O)        0.045     1.828 r  snake_controller/vga_r[3]_i_298/O
                         net (fo=23, routed)          0.364     2.193    snake_controller/vga_r[3]_i_298_n_0
    SLICE_X3Y56          LUT6 (Prop_lut6_I5_O)        0.045     2.238 r  snake_controller/vga_r[3]_i_122/O
                         net (fo=1, routed)           0.140     2.378    snake_controller/vga_r[3]_i_122_n_0
    SLICE_X0Y56          LUT6 (Prop_lut6_I0_O)        0.045     2.423 r  snake_controller/vga_r[3]_i_44/O
                         net (fo=1, routed)           0.000     2.423    snake_controller/vga_r[3]_i_44_n_0
    SLICE_X0Y56          MUXF7 (Prop_muxf7_I1_O)      0.065     2.488 r  snake_controller/vga_r_reg[3]_i_24/O
                         net (fo=1, routed)           0.000     2.488    snake_controller/vga_r_reg[3]_i_24_n_0
    SLICE_X0Y56          MUXF8 (Prop_muxf8_I1_O)      0.019     2.507 r  snake_controller/vga_r_reg[3]_i_10/O
                         net (fo=1, routed)           0.410     2.917    snake_controller/vga_r_reg[3]_i_10_n_0
    SLICE_X3Y62          LUT6 (Prop_lut6_I4_O)        0.112     3.029 r  snake_controller/vga_r[3]_i_4/O
                         net (fo=8, routed)           0.181     3.210    vga_controller/vga_r1__11
    SLICE_X0Y62          LUT4 (Prop_lut4_I3_O)        0.045     3.255 r  vga_controller/vga_b[0]_i_1/O
                         net (fo=1, routed)           0.000     3.255    vga_controller/vga_b[0]_i_1_n_0
    SLICE_X0Y62          FDRE                                         r  vga_controller/vga_b_reg[0]/D
  -------------------------------------------------------------------    -------------------

Slack:                    inf
  Source:                 snake_controller/head_x_reg[1]/C
                            (rising edge-triggered cell FDCE clocked by sys_clk_pin  {rise@0.000ns fall@5.000ns period=10.000ns})
  Destination:            vga_controller/vga_g_reg[3]/D
  Path Group:             (none)
  Path Type:              Min at Fast Process Corner
  Data Path Delay:        1.785ns  (logic 0.521ns (29.191%)  route 1.264ns (70.809%))
  Logic Levels:           7  (LUT2=1 LUT4=1 LUT6=3 MUXF7=1 MUXF8=1)
  Clock Uncertainty:      0.025ns  ((TSJ^2 + TIJ^2)^1/2 + DJ) / 2 + PE
    Total System Jitter     (TSJ):    0.050ns
    Total Input Jitter      (TIJ):    0.000ns
    Discrete Jitter          (DJ):    0.000ns
    Phase Error              (PE):    0.000ns

    Location             Delay type                Incr(ns)  Path(ns)    Netlist Resource(s)
  -------------------------------------------------------------------    -------------------
                         (clock sys_clk_pin rise edge)
                                                      0.000     0.000 r  
    W5                                                0.000     0.000 r  clk (IN)
                         net (fo=0)                   0.000     0.000    clk
    W5                   IBUF (Prop_ibuf_I_O)         0.226     0.226 r  clk_IBUF_inst/O
                         net (fo=1, routed)           0.631     0.858    clk_IBUF
    BUFGCTRL_X0Y0        BUFG (Prop_bufg_I_O)         0.026     0.884 r  clk_IBUF_BUFG_inst/O
                         net (fo=42, routed)          0.591     1.474    snake_controller/clk
    SLICE_X7Y53          FDCE                                         r  snake_controller/head_x_reg[1]/C
  -------------------------------------------------------------------    -------------------
    SLICE_X7Y53          FDCE (Prop_fdce_C_Q)         0.141     1.615 f  snake_controller/head_x_reg[1]/Q
                         net (fo=152, routed)         0.168     1.783    snake_controller/head_x__0[1]
    SLICE_X5Y53          LUT4 (Prop_lut4_I3_O)        0.045     1.828 f  snake_controller/vga_r[3]_i_298/O
                         net (fo=23, routed)          0.364     2.193    snake_controller/vga_r[3]_i_298_n_0
    SLICE_X3Y56          LUT6 (Prop_lut6_I5_O)        0.045     2.238 f  snake_controller/vga_r[3]_i_122/O
                         net (fo=1, routed)           0.140     2.378    snake_controller/vga_r[3]_i_122_n_0
    SLICE_X0Y56          LUT6 (Prop_lut6_I0_O)        0.045     2.423 f  snake_controller/vga_r[3]_i_44/O
                         net (fo=1, routed)           0.000     2.423    snake_controller/vga_r[3]_i_44_n_0
    SLICE_X0Y56          MUXF7 (Prop_muxf7_I1_O)      0.065     2.488 f  snake_controller/vga_r_reg[3]_i_24/O
                         net (fo=1, routed)           0.000     2.488    snake_controller/vga_r_reg[3]_i_24_n_0
    SLICE_X0Y56          MUXF8 (Prop_muxf8_I1_O)      0.019     2.507 f  snake_controller/vga_r_reg[3]_i_10/O
                         net (fo=1, routed)           0.410     2.917    snake_controller/vga_r_reg[3]_i_10_n_0
    SLICE_X3Y62          LUT6 (Prop_lut6_I4_O)        0.112     3.029 f  snake_controller/vga_r[3]_i_4/O
                         net (fo=8, routed)           0.181     3.210    vga_controller/vga_r1__11
    SLICE_X0Y62          LUT2 (Prop_lut2_I1_O)        0.049     3.259 r  vga_controller/vga_g[3]_i_2/O
                         net (fo=1, routed)           0.000     3.259    vga_controller/vga_g[3]_i_2_n_0
    SLICE_X0Y62          FDRE                                         r  vga_controller/vga_g_reg[3]/D
  -------------------------------------------------------------------    -------------------

Slack:                    inf
  Source:                 snake_controller/head_x_reg[1]/C
                            (rising edge-triggered cell FDCE clocked by sys_clk_pin  {rise@0.000ns fall@5.000ns period=10.000ns})
  Destination:            vga_controller/vga_b_reg[1]/D
  Path Group:             (none)
  Path Type:              Min at Fast Process Corner
  Data Path Delay:        1.849ns  (logic 0.514ns (27.800%)  route 1.335ns (72.200%))
  Logic Levels:           7  (LUT2=1 LUT4=1 LUT6=3 MUXF7=1 MUXF8=1)
  Clock Uncertainty:      0.025ns  ((TSJ^2 + TIJ^2)^1/2 + DJ) / 2 + PE
    Total System Jitter     (TSJ):    0.050ns
    Total Input Jitter      (TIJ):    0.000ns
    Discrete Jitter          (DJ):    0.000ns
    Phase Error              (PE):    0.000ns

    Location             Delay type                Incr(ns)  Path(ns)    Netlist Resource(s)
  -------------------------------------------------------------------    -------------------
                         (clock sys_clk_pin rise edge)
                                                      0.000     0.000 r  
    W5                                                0.000     0.000 r  clk (IN)
                         net (fo=0)                   0.000     0.000    clk
    W5                   IBUF (Prop_ibuf_I_O)         0.226     0.226 r  clk_IBUF_inst/O
                         net (fo=1, routed)           0.631     0.858    clk_IBUF
    BUFGCTRL_X0Y0        BUFG (Prop_bufg_I_O)         0.026     0.884 r  clk_IBUF_BUFG_inst/O
                         net (fo=42, routed)          0.591     1.474    snake_controller/clk
    SLICE_X7Y53          FDCE                                         r  snake_controller/head_x_reg[1]/C
  -------------------------------------------------------------------    -------------------
    SLICE_X7Y53          FDCE (Prop_fdce_C_Q)         0.141     1.615 r  snake_controller/head_x_reg[1]/Q
                         net (fo=152, routed)         0.168     1.783    snake_controller/head_x__0[1]
    SLICE_X5Y53          LUT4 (Prop_lut4_I3_O)        0.045     1.828 r  snake_controller/vga_r[3]_i_298/O
                         net (fo=23, routed)          0.364     2.193    snake_controller/vga_r[3]_i_298_n_0
    SLICE_X3Y56          LUT6 (Prop_lut6_I5_O)        0.045     2.238 r  snake_controller/vga_r[3]_i_122/O
                         net (fo=1, routed)           0.140     2.378    snake_controller/vga_r[3]_i_122_n_0
    SLICE_X0Y56          LUT6 (Prop_lut6_I0_O)        0.045     2.423 r  snake_controller/vga_r[3]_i_44/O
                         net (fo=1, routed)           0.000     2.423    snake_controller/vga_r[3]_i_44_n_0
    SLICE_X0Y56          MUXF7 (Prop_muxf7_I1_O)      0.065     2.488 r  snake_controller/vga_r_reg[3]_i_24/O
                         net (fo=1, routed)           0.000     2.488    snake_controller/vga_r_reg[3]_i_24_n_0
    SLICE_X0Y56          MUXF8 (Prop_muxf8_I1_O)      0.019     2.507 r  snake_controller/vga_r_reg[3]_i_10/O
                         net (fo=1, routed)           0.410     2.917    snake_controller/vga_r_reg[3]_i_10_n_0
    SLICE_X3Y62          LUT6 (Prop_lut6_I4_O)        0.112     3.029 r  snake_controller/vga_r[3]_i_4/O
                         net (fo=8, routed)           0.253     3.281    snake_controller/vga_r1__11
    SLICE_X0Y62          LUT2 (Prop_lut2_I0_O)        0.042     3.323 r  snake_controller/vga_b[1]_i_1/O
                         net (fo=2, routed)           0.000     3.323    vga_controller/vga_b_reg[1]_0
    SLICE_X0Y62          FDRE                                         r  vga_controller/vga_b_reg[1]/D
  -------------------------------------------------------------------    -------------------

Slack:                    inf
  Source:                 snake_controller/head_x_reg[1]/C
                            (rising edge-triggered cell FDCE clocked by sys_clk_pin  {rise@0.000ns fall@5.000ns period=10.000ns})
  Destination:            vga_controller/vga_g_reg[0]/D
  Path Group:             (none)
  Path Type:              Min at Fast Process Corner
  Data Path Delay:        1.876ns  (logic 0.517ns (27.553%)  route 1.359ns (72.447%))
  Logic Levels:           7  (LUT4=1 LUT5=1 LUT6=3 MUXF7=1 MUXF8=1)
  Clock Uncertainty:      0.025ns  ((TSJ^2 + TIJ^2)^1/2 + DJ) / 2 + PE
    Total System Jitter     (TSJ):    0.050ns
    Total Input Jitter      (TIJ):    0.000ns
    Discrete Jitter          (DJ):    0.000ns
    Phase Error              (PE):    0.000ns

    Location             Delay type                Incr(ns)  Path(ns)    Netlist Resource(s)
  -------------------------------------------------------------------    -------------------
                         (clock sys_clk_pin rise edge)
                                                      0.000     0.000 r  
    W5                                                0.000     0.000 r  clk (IN)
                         net (fo=0)                   0.000     0.000    clk
    W5                   IBUF (Prop_ibuf_I_O)         0.226     0.226 r  clk_IBUF_inst/O
                         net (fo=1, routed)           0.631     0.858    clk_IBUF
    BUFGCTRL_X0Y0        BUFG (Prop_bufg_I_O)         0.026     0.884 r  clk_IBUF_BUFG_inst/O
                         net (fo=42, routed)          0.591     1.474    snake_controller/clk
    SLICE_X7Y53          FDCE                                         r  snake_controller/head_x_reg[1]/C
  -------------------------------------------------------------------    -------------------
    SLICE_X7Y53          FDCE (Prop_fdce_C_Q)         0.141     1.615 r  snake_controller/head_x_reg[1]/Q
                         net (fo=152, routed)         0.168     1.783    snake_controller/head_x__0[1]
    SLICE_X5Y53          LUT4 (Prop_lut4_I3_O)        0.045     1.828 r  snake_controller/vga_r[3]_i_298/O
                         net (fo=23, routed)          0.364     2.193    snake_controller/vga_r[3]_i_298_n_0
    SLICE_X3Y56          LUT6 (Prop_lut6_I5_O)        0.045     2.238 r  snake_controller/vga_r[3]_i_122/O
                         net (fo=1, routed)           0.140     2.378    snake_controller/vga_r[3]_i_122_n_0
    SLICE_X0Y56          LUT6 (Prop_lut6_I0_O)        0.045     2.423 r  snake_controller/vga_r[3]_i_44/O
                         net (fo=1, routed)           0.000     2.423    snake_controller/vga_r[3]_i_44_n_0
    SLICE_X0Y56          MUXF7 (Prop_muxf7_I1_O)      0.065     2.488 r  snake_controller/vga_r_reg[3]_i_24/O
                         net (fo=1, routed)           0.000     2.488    snake_controller/vga_r_reg[3]_i_24_n_0
    SLICE_X0Y56          MUXF8 (Prop_muxf8_I1_O)      0.019     2.507 r  snake_controller/vga_r_reg[3]_i_10/O
                         net (fo=1, routed)           0.410     2.917    snake_controller/vga_r_reg[3]_i_10_n_0
    SLICE_X3Y62          LUT6 (Prop_lut6_I4_O)        0.112     3.029 r  snake_controller/vga_r[3]_i_4/O
                         net (fo=8, routed)           0.277     3.306    vga_controller/vga_r1__11
    SLICE_X2Y62          LUT5 (Prop_lut5_I1_O)        0.045     3.351 r  vga_controller/vga_g[0]_i_1/O
                         net (fo=1, routed)           0.000     3.351    vga_controller/vga_g[0]_i_1_n_0
    SLICE_X2Y62          FDRE                                         r  vga_controller/vga_g_reg[0]/D
  -------------------------------------------------------------------    -------------------

Slack:                    inf
  Source:                 snake_controller/head_x_reg[1]/C
                            (rising edge-triggered cell FDCE clocked by sys_clk_pin  {rise@0.000ns fall@5.000ns period=10.000ns})
  Destination:            vga_controller/vga_g_reg[1]/D
  Path Group:             (none)
  Path Type:              Min at Fast Process Corner
  Data Path Delay:        1.878ns  (logic 0.519ns (27.630%)  route 1.359ns (72.370%))
  Logic Levels:           7  (LUT3=1 LUT4=1 LUT6=3 MUXF7=1 MUXF8=1)
  Clock Uncertainty:      0.025ns  ((TSJ^2 + TIJ^2)^1/2 + DJ) / 2 + PE
    Total System Jitter     (TSJ):    0.050ns
    Total Input Jitter      (TIJ):    0.000ns
    Discrete Jitter          (DJ):    0.000ns
    Phase Error              (PE):    0.000ns

    Location             Delay type                Incr(ns)  Path(ns)    Netlist Resource(s)
  -------------------------------------------------------------------    -------------------
                         (clock sys_clk_pin rise edge)
                                                      0.000     0.000 r  
    W5                                                0.000     0.000 r  clk (IN)
                         net (fo=0)                   0.000     0.000    clk
    W5                   IBUF (Prop_ibuf_I_O)         0.226     0.226 r  clk_IBUF_inst/O
                         net (fo=1, routed)           0.631     0.858    clk_IBUF
    BUFGCTRL_X0Y0        BUFG (Prop_bufg_I_O)         0.026     0.884 r  clk_IBUF_BUFG_inst/O
                         net (fo=42, routed)          0.591     1.474    snake_controller/clk
    SLICE_X7Y53          FDCE                                         r  snake_controller/head_x_reg[1]/C
  -------------------------------------------------------------------    -------------------
    SLICE_X7Y53          FDCE (Prop_fdce_C_Q)         0.141     1.615 r  snake_controller/head_x_reg[1]/Q
                         net (fo=152, routed)         0.168     1.783    snake_controller/head_x__0[1]
    SLICE_X5Y53          LUT4 (Prop_lut4_I3_O)        0.045     1.828 r  snake_controller/vga_r[3]_i_298/O
                         net (fo=23, routed)          0.364     2.193    snake_controller/vga_r[3]_i_298_n_0
    SLICE_X3Y56          LUT6 (Prop_lut6_I5_O)        0.045     2.238 r  snake_controller/vga_r[3]_i_122/O
                         net (fo=1, routed)           0.140     2.378    snake_controller/vga_r[3]_i_122_n_0
    SLICE_X0Y56          LUT6 (Prop_lut6_I0_O)        0.045     2.423 r  snake_controller/vga_r[3]_i_44/O
                         net (fo=1, routed)           0.000     2.423    snake_controller/vga_r[3]_i_44_n_0
    SLICE_X0Y56          MUXF7 (Prop_muxf7_I1_O)      0.065     2.488 r  snake_controller/vga_r_reg[3]_i_24/O
                         net (fo=1, routed)           0.000     2.488    snake_controller/vga_r_reg[3]_i_24_n_0
    SLICE_X0Y56          MUXF8 (Prop_muxf8_I1_O)      0.019     2.507 r  snake_controller/vga_r_reg[3]_i_10/O
                         net (fo=1, routed)           0.410     2.917    snake_controller/vga_r_reg[3]_i_10_n_0
    SLICE_X3Y62          LUT6 (Prop_lut6_I4_O)        0.112     3.029 r  snake_controller/vga_r[3]_i_4/O
                         net (fo=8, routed)           0.277     3.306    vga_controller/vga_r1__11
    SLICE_X2Y62          LUT3 (Prop_lut3_I0_O)        0.047     3.353 r  vga_controller/vga_g[1]_i_1/O
                         net (fo=1, routed)           0.000     3.353    vga_controller/vga_g[1]_i_1_n_0
    SLICE_X2Y62          FDRE                                         r  vga_controller/vga_g_reg[1]/D
  -------------------------------------------------------------------    -------------------

Slack:                    inf
  Source:                 snake_controller/head_x_reg[1]/C
                            (rising edge-triggered cell FDCE clocked by sys_clk_pin  {rise@0.000ns fall@5.000ns period=10.000ns})
  Destination:            vga_controller/vga_r_reg[0]/D
  Path Group:             (none)
  Path Type:              Min at Fast Process Corner
  Data Path Delay:        2.078ns  (logic 0.517ns (24.875%)  route 1.561ns (75.125%))
  Logic Levels:           7  (LUT4=2 LUT6=3 MUXF7=1 MUXF8=1)
  Clock Uncertainty:      0.025ns  ((TSJ^2 + TIJ^2)^1/2 + DJ) / 2 + PE
    Total System Jitter     (TSJ):    0.050ns
    Total Input Jitter      (TIJ):    0.000ns
    Discrete Jitter          (DJ):    0.000ns
    Phase Error              (PE):    0.000ns

    Location             Delay type                Incr(ns)  Path(ns)    Netlist Resource(s)
  -------------------------------------------------------------------    -------------------
                         (clock sys_clk_pin rise edge)
                                                      0.000     0.000 r  
    W5                                                0.000     0.000 r  clk (IN)
                         net (fo=0)                   0.000     0.000    clk
    W5                   IBUF (Prop_ibuf_I_O)         0.226     0.226 r  clk_IBUF_inst/O
                         net (fo=1, routed)           0.631     0.858    clk_IBUF
    BUFGCTRL_X0Y0        BUFG (Prop_bufg_I_O)         0.026     0.884 r  clk_IBUF_BUFG_inst/O
                         net (fo=42, routed)          0.591     1.474    snake_controller/clk
    SLICE_X7Y53          FDCE                                         r  snake_controller/head_x_reg[1]/C
  -------------------------------------------------------------------    -------------------
    SLICE_X7Y53          FDCE (Prop_fdce_C_Q)         0.141     1.615 f  snake_controller/head_x_reg[1]/Q
                         net (fo=152, routed)         0.168     1.783    snake_controller/head_x__0[1]
    SLICE_X5Y53          LUT4 (Prop_lut4_I3_O)        0.045     1.828 f  snake_controller/vga_r[3]_i_298/O
                         net (fo=23, routed)          0.364     2.193    snake_controller/vga_r[3]_i_298_n_0
    SLICE_X3Y56          LUT6 (Prop_lut6_I5_O)        0.045     2.238 f  snake_controller/vga_r[3]_i_122/O
                         net (fo=1, routed)           0.140     2.378    snake_controller/vga_r[3]_i_122_n_0
    SLICE_X0Y56          LUT6 (Prop_lut6_I0_O)        0.045     2.423 f  snake_controller/vga_r[3]_i_44/O
                         net (fo=1, routed)           0.000     2.423    snake_controller/vga_r[3]_i_44_n_0
    SLICE_X0Y56          MUXF7 (Prop_muxf7_I1_O)      0.065     2.488 f  snake_controller/vga_r_reg[3]_i_24/O
                         net (fo=1, routed)           0.000     2.488    snake_controller/vga_r_reg[3]_i_24_n_0
    SLICE_X0Y56          MUXF8 (Prop_muxf8_I1_O)      0.019     2.507 f  snake_controller/vga_r_reg[3]_i_10/O
                         net (fo=1, routed)           0.410     2.917    snake_controller/vga_r_reg[3]_i_10_n_0
    SLICE_X3Y62          LUT6 (Prop_lut6_I4_O)        0.112     3.029 f  snake_controller/vga_r[3]_i_4/O
                         net (fo=8, routed)           0.158     3.186    vga_controller/vga_r1__11
    SLICE_X3Y62          LUT4 (Prop_lut4_I0_O)        0.045     3.231 r  vga_controller/vga_r[0]_i_1/O
                         net (fo=1, routed)           0.321     3.553    vga_controller/vga_r[0]_i_1_n_0
    SLICE_X1Y62          FDSE                                         r  vga_controller/vga_r_reg[0]/D
  -------------------------------------------------------------------    -------------------

Slack:                    inf
  Source:                 snake_controller/head_x_reg[1]/C
                            (rising edge-triggered cell FDCE clocked by sys_clk_pin  {rise@0.000ns fall@5.000ns period=10.000ns})
  Destination:            vga_controller/vga_b_reg[1]_lopt_replica/D
  Path Group:             (none)
  Path Type:              Min at Fast Process Corner
  Data Path Delay:        2.080ns  (logic 0.514ns (24.717%)  route 1.566ns (75.283%))
  Logic Levels:           7  (LUT2=1 LUT4=1 LUT6=3 MUXF7=1 MUXF8=1)
  Clock Uncertainty:      0.025ns  ((TSJ^2 + TIJ^2)^1/2 + DJ) / 2 + PE
    Total System Jitter     (TSJ):    0.050ns
    Total Input Jitter      (TIJ):    0.000ns
    Discrete Jitter          (DJ):    0.000ns
    Phase Error              (PE):    0.000ns

    Location             Delay type                Incr(ns)  Path(ns)    Netlist Resource(s)
  -------------------------------------------------------------------    -------------------
                         (clock sys_clk_pin rise edge)
                                                      0.000     0.000 r  
    W5                                                0.000     0.000 r  clk (IN)
                         net (fo=0)                   0.000     0.000    clk
    W5                   IBUF (Prop_ibuf_I_O)         0.226     0.226 r  clk_IBUF_inst/O
                         net (fo=1, routed)           0.631     0.858    clk_IBUF
    BUFGCTRL_X0Y0        BUFG (Prop_bufg_I_O)         0.026     0.884 r  clk_IBUF_BUFG_inst/O
                         net (fo=42, routed)          0.591     1.474    snake_controller/clk
    SLICE_X7Y53          FDCE                                         r  snake_controller/head_x_reg[1]/C
  -------------------------------------------------------------------    -------------------
    SLICE_X7Y53          FDCE (Prop_fdce_C_Q)         0.141     1.615 r  snake_controller/head_x_reg[1]/Q
                         net (fo=152, routed)         0.168     1.783    snake_controller/head_x__0[1]
    SLICE_X5Y53          LUT4 (Prop_lut4_I3_O)        0.045     1.828 r  snake_controller/vga_r[3]_i_298/O
                         net (fo=23, routed)          0.364     2.193    snake_controller/vga_r[3]_i_298_n_0
    SLICE_X3Y56          LUT6 (Prop_lut6_I5_O)        0.045     2.238 r  snake_controller/vga_r[3]_i_122/O
                         net (fo=1, routed)           0.140     2.378    snake_controller/vga_r[3]_i_122_n_0
    SLICE_X0Y56          LUT6 (Prop_lut6_I0_O)        0.045     2.423 r  snake_controller/vga_r[3]_i_44/O
                         net (fo=1, routed)           0.000     2.423    snake_controller/vga_r[3]_i_44_n_0
    SLICE_X0Y56          MUXF7 (Prop_muxf7_I1_O)      0.065     2.488 r  snake_controller/vga_r_reg[3]_i_24/O
                         net (fo=1, routed)           0.000     2.488    snake_controller/vga_r_reg[3]_i_24_n_0
    SLICE_X0Y56          MUXF8 (Prop_muxf8_I1_O)      0.019     2.507 r  snake_controller/vga_r_reg[3]_i_10/O
                         net (fo=1, routed)           0.410     2.917    snake_controller/vga_r_reg[3]_i_10_n_0
    SLICE_X3Y62          LUT6 (Prop_lut6_I4_O)        0.112     3.029 r  snake_controller/vga_r[3]_i_4/O
                         net (fo=8, routed)           0.253     3.281    snake_controller/vga_r1__11
    SLICE_X0Y62          LUT2 (Prop_lut2_I0_O)        0.042     3.323 r  snake_controller/vga_b[1]_i_1/O
                         net (fo=2, routed)           0.231     3.554    vga_controller/vga_b_reg[1]_0
    SLICE_X0Y62          FDRE                                         r  vga_controller/vga_b_reg[1]_lopt_replica/D
  -------------------------------------------------------------------    -------------------

Slack:                    inf
  Source:                 snake_controller/head_x_reg[1]/C
                            (rising edge-triggered cell FDCE clocked by sys_clk_pin  {rise@0.000ns fall@5.000ns period=10.000ns})
  Destination:            vga_controller/vga_r_reg[2]/D
  Path Group:             (none)
  Path Type:              Min at Fast Process Corner
  Data Path Delay:        2.223ns  (logic 0.517ns (23.253%)  route 1.706ns (76.747%))
  Logic Levels:           7  (LUT2=1 LUT4=1 LUT6=3 MUXF7=1 MUXF8=1)
  Clock Uncertainty:      0.025ns  ((TSJ^2 + TIJ^2)^1/2 + DJ) / 2 + PE
    Total System Jitter     (TSJ):    0.050ns
    Total Input Jitter      (TIJ):    0.000ns
    Discrete Jitter          (DJ):    0.000ns
    Phase Error              (PE):    0.000ns

    Location             Delay type                Incr(ns)  Path(ns)    Netlist Resource(s)
  -------------------------------------------------------------------    -------------------
                         (clock sys_clk_pin rise edge)
                                                      0.000     0.000 r  
    W5                                                0.000     0.000 r  clk (IN)
                         net (fo=0)                   0.000     0.000    clk
    W5                   IBUF (Prop_ibuf_I_O)         0.226     0.226 r  clk_IBUF_inst/O
                         net (fo=1, routed)           0.631     0.858    clk_IBUF
    BUFGCTRL_X0Y0        BUFG (Prop_bufg_I_O)         0.026     0.884 r  clk_IBUF_BUFG_inst/O
                         net (fo=42, routed)          0.591     1.474    snake_controller/clk
    SLICE_X7Y53          FDCE                                         r  snake_controller/head_x_reg[1]/C
  -------------------------------------------------------------------    -------------------
    SLICE_X7Y53          FDCE (Prop_fdce_C_Q)         0.141     1.615 r  snake_controller/head_x_reg[1]/Q
                         net (fo=152, routed)         0.168     1.783    snake_controller/head_x__0[1]
    SLICE_X5Y53          LUT4 (Prop_lut4_I3_O)        0.045     1.828 r  snake_controller/vga_r[3]_i_298/O
                         net (fo=23, routed)          0.364     2.193    snake_controller/vga_r[3]_i_298_n_0
    SLICE_X3Y56          LUT6 (Prop_lut6_I5_O)        0.045     2.238 r  snake_controller/vga_r[3]_i_122/O
                         net (fo=1, routed)           0.140     2.378    snake_controller/vga_r[3]_i_122_n_0
    SLICE_X0Y56          LUT6 (Prop_lut6_I0_O)        0.045     2.423 r  snake_controller/vga_r[3]_i_44/O
                         net (fo=1, routed)           0.000     2.423    snake_controller/vga_r[3]_i_44_n_0
    SLICE_X0Y56          MUXF7 (Prop_muxf7_I1_O)      0.065     2.488 r  snake_controller/vga_r_reg[3]_i_24/O
                         net (fo=1, routed)           0.000     2.488    snake_controller/vga_r_reg[3]_i_24_n_0
    SLICE_X0Y56          MUXF8 (Prop_muxf8_I1_O)      0.019     2.507 r  snake_controller/vga_r_reg[3]_i_10/O
                         net (fo=1, routed)           0.410     2.917    snake_controller/vga_r_reg[3]_i_10_n_0
    SLICE_X3Y62          LUT6 (Prop_lut6_I4_O)        0.112     3.029 r  snake_controller/vga_r[3]_i_4/O
                         net (fo=8, routed)           0.253     3.281    snake_controller/vga_r1__11
    SLICE_X0Y62          LUT2 (Prop_lut2_I0_O)        0.045     3.326 r  snake_controller/vga_r[2]_i_2/O
                         net (fo=1, routed)           0.371     3.698    vga_controller/D[0]
    SLICE_X1Y62          FDRE                                         r  vga_controller/vga_r_reg[2]/D
  -------------------------------------------------------------------    -------------------

Slack:                    inf
  Source:                 snake_controller/head_x_reg[1]/C
                            (rising edge-triggered cell FDCE clocked by sys_clk_pin  {rise@0.000ns fall@5.000ns period=10.000ns})
  Destination:            vga_controller/vga_r_reg[1]/R
  Path Group:             (none)
  Path Type:              Min at Fast Process Corner
  Data Path Delay:        2.348ns  (logic 0.517ns (22.017%)  route 1.831ns (77.983%))
  Logic Levels:           7  (LUT4=2 LUT6=3 MUXF7=1 MUXF8=1)
  Clock Uncertainty:      0.025ns  ((TSJ^2 + TIJ^2)^1/2 + DJ) / 2 + PE
    Total System Jitter     (TSJ):    0.050ns
    Total Input Jitter      (TIJ):    0.000ns
    Discrete Jitter          (DJ):    0.000ns
    Phase Error              (PE):    0.000ns

    Location             Delay type                Incr(ns)  Path(ns)    Netlist Resource(s)
  -------------------------------------------------------------------    -------------------
                         (clock sys_clk_pin rise edge)
                                                      0.000     0.000 r  
    W5                                                0.000     0.000 r  clk (IN)
                         net (fo=0)                   0.000     0.000    clk
    W5                   IBUF (Prop_ibuf_I_O)         0.226     0.226 r  clk_IBUF_inst/O
                         net (fo=1, routed)           0.631     0.858    clk_IBUF
    BUFGCTRL_X0Y0        BUFG (Prop_bufg_I_O)         0.026     0.884 r  clk_IBUF_BUFG_inst/O
                         net (fo=42, routed)          0.591     1.474    snake_controller/clk
    SLICE_X7Y53          FDCE                                         r  snake_controller/head_x_reg[1]/C
  -------------------------------------------------------------------    -------------------
    SLICE_X7Y53          FDCE (Prop_fdce_C_Q)         0.141     1.615 r  snake_controller/head_x_reg[1]/Q
                         net (fo=152, routed)         0.168     1.783    snake_controller/head_x__0[1]
    SLICE_X5Y53          LUT4 (Prop_lut4_I3_O)        0.045     1.828 r  snake_controller/vga_r[3]_i_298/O
                         net (fo=23, routed)          0.364     2.193    snake_controller/vga_r[3]_i_298_n_0
    SLICE_X3Y56          LUT6 (Prop_lut6_I5_O)        0.045     2.238 r  snake_controller/vga_r[3]_i_122/O
                         net (fo=1, routed)           0.140     2.378    snake_controller/vga_r[3]_i_122_n_0
    SLICE_X0Y56          LUT6 (Prop_lut6_I0_O)        0.045     2.423 r  snake_controller/vga_r[3]_i_44/O
                         net (fo=1, routed)           0.000     2.423    snake_controller/vga_r[3]_i_44_n_0
    SLICE_X0Y56          MUXF7 (Prop_muxf7_I1_O)      0.065     2.488 r  snake_controller/vga_r_reg[3]_i_24/O
                         net (fo=1, routed)           0.000     2.488    snake_controller/vga_r_reg[3]_i_24_n_0
    SLICE_X0Y56          MUXF8 (Prop_muxf8_I1_O)      0.019     2.507 r  snake_controller/vga_r_reg[3]_i_10/O
                         net (fo=1, routed)           0.410     2.917    snake_controller/vga_r_reg[3]_i_10_n_0
    SLICE_X3Y62          LUT6 (Prop_lut6_I4_O)        0.112     3.029 r  snake_controller/vga_r[3]_i_4/O
                         net (fo=8, routed)           0.307     3.335    vga_controller/vga_r1__11
    SLICE_X1Y62          LUT4 (Prop_lut4_I1_O)        0.045     3.380 r  vga_controller/vga_r[3]_i_1/O
                         net (fo=2, routed)           0.442     3.822    vga_controller/vga_r[3]_i_1_n_0
    SLICE_X0Y61          FDRE                                         r  vga_controller/vga_r_reg[1]/R
  -------------------------------------------------------------------    -------------------

Slack:                    inf
  Source:                 snake_controller/head_x_reg[1]/C
                            (rising edge-triggered cell FDCE clocked by sys_clk_pin  {rise@0.000ns fall@5.000ns period=10.000ns})
  Destination:            vga_controller/vga_r_reg[3]/R
  Path Group:             (none)
  Path Type:              Min at Fast Process Corner
  Data Path Delay:        2.348ns  (logic 0.517ns (22.017%)  route 1.831ns (77.983%))
  Logic Levels:           7  (LUT4=2 LUT6=3 MUXF7=1 MUXF8=1)
  Clock Uncertainty:      0.025ns  ((TSJ^2 + TIJ^2)^1/2 + DJ) / 2 + PE
    Total System Jitter     (TSJ):    0.050ns
    Total Input Jitter      (TIJ):    0.000ns
    Discrete Jitter          (DJ):    0.000ns
    Phase Error              (PE):    0.000ns

    Location             Delay type                Incr(ns)  Path(ns)    Netlist Resource(s)
  -------------------------------------------------------------------    -------------------
                         (clock sys_clk_pin rise edge)
                                                      0.000     0.000 r  
    W5                                                0.000     0.000 r  clk (IN)
                         net (fo=0)                   0.000     0.000    clk
    W5                   IBUF (Prop_ibuf_I_O)         0.226     0.226 r  clk_IBUF_inst/O
                         net (fo=1, routed)           0.631     0.858    clk_IBUF
    BUFGCTRL_X0Y0        BUFG (Prop_bufg_I_O)         0.026     0.884 r  clk_IBUF_BUFG_inst/O
                         net (fo=42, routed)          0.591     1.474    snake_controller/clk
    SLICE_X7Y53          FDCE                                         r  snake_controller/head_x_reg[1]/C
  -------------------------------------------------------------------    -------------------
    SLICE_X7Y53          FDCE (Prop_fdce_C_Q)         0.141     1.615 r  snake_controller/head_x_reg[1]/Q
                         net (fo=152, routed)         0.168     1.783    snake_controller/head_x__0[1]
    SLICE_X5Y53          LUT4 (Prop_lut4_I3_O)        0.045     1.828 r  snake_controller/vga_r[3]_i_298/O
                         net (fo=23, routed)          0.364     2.193    snake_controller/vga_r[3]_i_298_n_0
    SLICE_X3Y56          LUT6 (Prop_lut6_I5_O)        0.045     2.238 r  snake_controller/vga_r[3]_i_122/O
                         net (fo=1, routed)           0.140     2.378    snake_controller/vga_r[3]_i_122_n_0
    SLICE_X0Y56          LUT6 (Prop_lut6_I0_O)        0.045     2.423 r  snake_controller/vga_r[3]_i_44/O
                         net (fo=1, routed)           0.000     2.423    snake_controller/vga_r[3]_i_44_n_0
    SLICE_X0Y56          MUXF7 (Prop_muxf7_I1_O)      0.065     2.488 r  snake_controller/vga_r_reg[3]_i_24/O
                         net (fo=1, routed)           0.000     2.488    snake_controller/vga_r_reg[3]_i_24_n_0
    SLICE_X0Y56          MUXF8 (Prop_muxf8_I1_O)      0.019     2.507 r  snake_controller/vga_r_reg[3]_i_10/O
                         net (fo=1, routed)           0.410     2.917    snake_controller/vga_r_reg[3]_i_10_n_0
    SLICE_X3Y62          LUT6 (Prop_lut6_I4_O)        0.112     3.029 r  snake_controller/vga_r[3]_i_4/O
                         net (fo=8, routed)           0.307     3.335    vga_controller/vga_r1__11
    SLICE_X1Y62          LUT4 (Prop_lut4_I1_O)        0.045     3.380 r  vga_controller/vga_r[3]_i_1/O
                         net (fo=2, routed)           0.442     3.822    vga_controller/vga_r[3]_i_1_n_0
    SLICE_X0Y61          FDRE                                         r  vga_controller/vga_r_reg[3]/R
  -------------------------------------------------------------------    -------------------





--------------------------------------------------------------------------------------
Path Group:  (none)
From Clock:  
  To Clock:  sys_clk_pin

Max Delay            44 Endpoints
Min Delay            44 Endpoints
--------------------------------------------------------------------------------------


Max Delay Paths
--------------------------------------------------------------------------------------
Slack:                    inf
  Source:                 reset
                            (input port)
  Destination:            snake_controller/head_x_reg[5]/CLR
                            (recovery check against rising-edge clock sys_clk_pin  {rise@0.000ns fall@5.000ns period=10.000ns})
  Path Group:             (none)
  Path Type:              Recovery (Max at Slow Process Corner)
  Data Path Delay:        5.214ns  (logic 1.453ns (27.867%)  route 3.761ns (72.133%))
  Logic Levels:           1  (IBUF=1)
  Clock Path Skew:        4.848ns (DCD - SCD + CPR)
    Destination Clock Delay (DCD):    4.848ns
    Source Clock Delay      (SCD):    0.000ns
    Clock Pessimism Removal (CPR):    0.000ns
  Clock Uncertainty:      0.025ns  ((TSJ^2 + TIJ^2)^1/2 + DJ) / 2 + PE
    Total System Jitter     (TSJ):    0.050ns
    Total Input Jitter      (TIJ):    0.000ns
    Discrete Jitter          (DJ):    0.000ns
    Phase Error              (PE):    0.000ns

    Location             Delay type                Incr(ns)  Path(ns)    Netlist Resource(s)
  -------------------------------------------------------------------    -------------------
    V17                                               0.000     0.000 f  reset (IN)
                         net (fo=0)                   0.000     0.000    reset
    V17                  IBUF (Prop_ibuf_I_O)         1.453     1.453 f  reset_IBUF_inst/O
                         net (fo=70, routed)          3.761     5.214    snake_controller/reset_IBUF
    SLICE_X6Y54          FDCE                                         f  snake_controller/head_x_reg[5]/CLR
  -------------------------------------------------------------------    -------------------

                         (clock sys_clk_pin rise edge)
                                                      0.000     0.000 r  
    W5                                                0.000     0.000 r  clk (IN)
                         net (fo=0)                   0.000     0.000    clk
    W5                   IBUF (Prop_ibuf_I_O)         1.388     1.388 r  clk_IBUF_inst/O
                         net (fo=1, routed)           1.862     3.250    clk_IBUF
    BUFGCTRL_X0Y0        BUFG (Prop_bufg_I_O)         0.091     3.341 r  clk_IBUF_BUFG_inst/O
                         net (fo=42, routed)          1.507     4.848    snake_controller/clk
    SLICE_X6Y54          FDCE                                         r  snake_controller/head_x_reg[5]/C

Slack:                    inf
  Source:                 reset
                            (input port)
  Destination:            snake_controller/head_x_reg[0]/CLR
                            (recovery check against rising-edge clock sys_clk_pin  {rise@0.000ns fall@5.000ns period=10.000ns})
  Path Group:             (none)
  Path Type:              Recovery (Max at Slow Process Corner)
  Data Path Delay:        5.083ns  (logic 1.453ns (28.581%)  route 3.630ns (71.419%))
  Logic Levels:           1  (IBUF=1)
  Clock Path Skew:        4.848ns (DCD - SCD + CPR)
    Destination Clock Delay (DCD):    4.848ns
    Source Clock Delay      (SCD):    0.000ns
    Clock Pessimism Removal (CPR):    0.000ns
  Clock Uncertainty:      0.025ns  ((TSJ^2 + TIJ^2)^1/2 + DJ) / 2 + PE
    Total System Jitter     (TSJ):    0.050ns
    Total Input Jitter      (TIJ):    0.000ns
    Discrete Jitter          (DJ):    0.000ns
    Phase Error              (PE):    0.000ns

    Location             Delay type                Incr(ns)  Path(ns)    Netlist Resource(s)
  -------------------------------------------------------------------    -------------------
    V17                                               0.000     0.000 f  reset (IN)
                         net (fo=0)                   0.000     0.000    reset
    V17                  IBUF (Prop_ibuf_I_O)         1.453     1.453 f  reset_IBUF_inst/O
                         net (fo=70, routed)          3.630     5.083    snake_controller/reset_IBUF
    SLICE_X6Y53          FDCE                                         f  snake_controller/head_x_reg[0]/CLR
  -------------------------------------------------------------------    -------------------

                         (clock sys_clk_pin rise edge)
                                                      0.000     0.000 r  
    W5                                                0.000     0.000 r  clk (IN)
                         net (fo=0)                   0.000     0.000    clk
    W5                   IBUF (Prop_ibuf_I_O)         1.388     1.388 r  clk_IBUF_inst/O
                         net (fo=1, routed)           1.862     3.250    clk_IBUF
    BUFGCTRL_X0Y0        BUFG (Prop_bufg_I_O)         0.091     3.341 r  clk_IBUF_BUFG_inst/O
                         net (fo=42, routed)          1.507     4.848    snake_controller/clk
    SLICE_X6Y53          FDCE                                         r  snake_controller/head_x_reg[0]/C

Slack:                    inf
  Source:                 reset
                            (input port)
  Destination:            snake_controller/head_x_reg[1]/CLR
                            (recovery check against rising-edge clock sys_clk_pin  {rise@0.000ns fall@5.000ns period=10.000ns})
  Path Group:             (none)
  Path Type:              Recovery (Max at Slow Process Corner)
  Data Path Delay:        5.083ns  (logic 1.453ns (28.581%)  route 3.630ns (71.419%))
  Logic Levels:           1  (IBUF=1)
  Clock Path Skew:        4.848ns (DCD - SCD + CPR)
    Destination Clock Delay (DCD):    4.848ns
    Source Clock Delay      (SCD):    0.000ns
    Clock Pessimism Removal (CPR):    0.000ns
  Clock Uncertainty:      0.025ns  ((TSJ^2 + TIJ^2)^1/2 + DJ) / 2 + PE
    Total System Jitter     (TSJ):    0.050ns
    Total Input Jitter      (TIJ):    0.000ns
    Discrete Jitter          (DJ):    0.000ns
    Phase Error              (PE):    0.000ns

    Location             Delay type                Incr(ns)  Path(ns)    Netlist Resource(s)
  -------------------------------------------------------------------    -------------------
    V17                                               0.000     0.000 f  reset (IN)
                         net (fo=0)                   0.000     0.000    reset
    V17                  IBUF (Prop_ibuf_I_O)         1.453     1.453 f  reset_IBUF_inst/O
                         net (fo=70, routed)          3.630     5.083    snake_controller/reset_IBUF
    SLICE_X7Y53          FDCE                                         f  snake_controller/head_x_reg[1]/CLR
  -------------------------------------------------------------------    -------------------

                         (clock sys_clk_pin rise edge)
                                                      0.000     0.000 r  
    W5                                                0.000     0.000 r  clk (IN)
                         net (fo=0)                   0.000     0.000    clk
    W5                   IBUF (Prop_ibuf_I_O)         1.388     1.388 r  clk_IBUF_inst/O
                         net (fo=1, routed)           1.862     3.250    clk_IBUF
    BUFGCTRL_X0Y0        BUFG (Prop_bufg_I_O)         0.091     3.341 r  clk_IBUF_BUFG_inst/O
                         net (fo=42, routed)          1.507     4.848    snake_controller/clk
    SLICE_X7Y53          FDCE                                         r  snake_controller/head_x_reg[1]/C

Slack:                    inf
  Source:                 reset
                            (input port)
  Destination:            snake_controller/head_x_reg[2]/PRE
                            (recovery check against rising-edge clock sys_clk_pin  {rise@0.000ns fall@5.000ns period=10.000ns})
  Path Group:             (none)
  Path Type:              Recovery (Max at Slow Process Corner)
  Data Path Delay:        5.083ns  (logic 1.453ns (28.581%)  route 3.630ns (71.419%))
  Logic Levels:           1  (IBUF=1)
  Clock Path Skew:        4.848ns (DCD - SCD + CPR)
    Destination Clock Delay (DCD):    4.848ns
    Source Clock Delay      (SCD):    0.000ns
    Clock Pessimism Removal (CPR):    0.000ns
  Clock Uncertainty:      0.025ns  ((TSJ^2 + TIJ^2)^1/2 + DJ) / 2 + PE
    Total System Jitter     (TSJ):    0.050ns
    Total Input Jitter      (TIJ):    0.000ns
    Discrete Jitter          (DJ):    0.000ns
    Phase Error              (PE):    0.000ns

    Location             Delay type                Incr(ns)  Path(ns)    Netlist Resource(s)
  -------------------------------------------------------------------    -------------------
    V17                                               0.000     0.000 f  reset (IN)
                         net (fo=0)                   0.000     0.000    reset
    V17                  IBUF (Prop_ibuf_I_O)         1.453     1.453 f  reset_IBUF_inst/O
                         net (fo=70, routed)          3.630     5.083    snake_controller/reset_IBUF
    SLICE_X7Y53          FDPE                                         f  snake_controller/head_x_reg[2]/PRE
  -------------------------------------------------------------------    -------------------

                         (clock sys_clk_pin rise edge)
                                                      0.000     0.000 r  
    W5                                                0.000     0.000 r  clk (IN)
                         net (fo=0)                   0.000     0.000    clk
    W5                   IBUF (Prop_ibuf_I_O)         1.388     1.388 r  clk_IBUF_inst/O
                         net (fo=1, routed)           1.862     3.250    clk_IBUF
    BUFGCTRL_X0Y0        BUFG (Prop_bufg_I_O)         0.091     3.341 r  clk_IBUF_BUFG_inst/O
                         net (fo=42, routed)          1.507     4.848    snake_controller/clk
    SLICE_X7Y53          FDPE                                         r  snake_controller/head_x_reg[2]/C

Slack:                    inf
  Source:                 reset
                            (input port)
  Destination:            snake_controller/head_x_reg[3]/CLR
                            (recovery check against rising-edge clock sys_clk_pin  {rise@0.000ns fall@5.000ns period=10.000ns})
  Path Group:             (none)
  Path Type:              Recovery (Max at Slow Process Corner)
  Data Path Delay:        5.083ns  (logic 1.453ns (28.581%)  route 3.630ns (71.419%))
  Logic Levels:           1  (IBUF=1)
  Clock Path Skew:        4.848ns (DCD - SCD + CPR)
    Destination Clock Delay (DCD):    4.848ns
    Source Clock Delay      (SCD):    0.000ns
    Clock Pessimism Removal (CPR):    0.000ns
  Clock Uncertainty:      0.025ns  ((TSJ^2 + TIJ^2)^1/2 + DJ) / 2 + PE
    Total System Jitter     (TSJ):    0.050ns
    Total Input Jitter      (TIJ):    0.000ns
    Discrete Jitter          (DJ):    0.000ns
    Phase Error              (PE):    0.000ns

    Location             Delay type                Incr(ns)  Path(ns)    Netlist Resource(s)
  -------------------------------------------------------------------    -------------------
    V17                                               0.000     0.000 f  reset (IN)
                         net (fo=0)                   0.000     0.000    reset
    V17                  IBUF (Prop_ibuf_I_O)         1.453     1.453 f  reset_IBUF_inst/O
                         net (fo=70, routed)          3.630     5.083    snake_controller/reset_IBUF
    SLICE_X6Y53          FDCE                                         f  snake_controller/head_x_reg[3]/CLR
  -------------------------------------------------------------------    -------------------

                         (clock sys_clk_pin rise edge)
                                                      0.000     0.000 r  
    W5                                                0.000     0.000 r  clk (IN)
                         net (fo=0)                   0.000     0.000    clk
    W5                   IBUF (Prop_ibuf_I_O)         1.388     1.388 r  clk_IBUF_inst/O
                         net (fo=1, routed)           1.862     3.250    clk_IBUF
    BUFGCTRL_X0Y0        BUFG (Prop_bufg_I_O)         0.091     3.341 r  clk_IBUF_BUFG_inst/O
                         net (fo=42, routed)          1.507     4.848    snake_controller/clk
    SLICE_X6Y53          FDCE                                         r  snake_controller/head_x_reg[3]/C

Slack:                    inf
  Source:                 reset
                            (input port)
  Destination:            snake_controller/head_x_reg[4]/PRE
                            (recovery check against rising-edge clock sys_clk_pin  {rise@0.000ns fall@5.000ns period=10.000ns})
  Path Group:             (none)
  Path Type:              Recovery (Max at Slow Process Corner)
  Data Path Delay:        5.083ns  (logic 1.453ns (28.581%)  route 3.630ns (71.419%))
  Logic Levels:           1  (IBUF=1)
  Clock Path Skew:        4.848ns (DCD - SCD + CPR)
    Destination Clock Delay (DCD):    4.848ns
    Source Clock Delay      (SCD):    0.000ns
    Clock Pessimism Removal (CPR):    0.000ns
  Clock Uncertainty:      0.025ns  ((TSJ^2 + TIJ^2)^1/2 + DJ) / 2 + PE
    Total System Jitter     (TSJ):    0.050ns
    Total Input Jitter      (TIJ):    0.000ns
    Discrete Jitter          (DJ):    0.000ns
    Phase Error              (PE):    0.000ns

    Location             Delay type                Incr(ns)  Path(ns)    Netlist Resource(s)
  -------------------------------------------------------------------    -------------------
    V17                                               0.000     0.000 f  reset (IN)
                         net (fo=0)                   0.000     0.000    reset
    V17                  IBUF (Prop_ibuf_I_O)         1.453     1.453 f  reset_IBUF_inst/O
                         net (fo=70, routed)          3.630     5.083    snake_controller/reset_IBUF
    SLICE_X6Y53          FDPE                                         f  snake_controller/head_x_reg[4]/PRE
  -------------------------------------------------------------------    -------------------

                         (clock sys_clk_pin rise edge)
                                                      0.000     0.000 r  
    W5                                                0.000     0.000 r  clk (IN)
                         net (fo=0)                   0.000     0.000    clk
    W5                   IBUF (Prop_ibuf_I_O)         1.388     1.388 r  clk_IBUF_inst/O
                         net (fo=1, routed)           1.862     3.250    clk_IBUF
    BUFGCTRL_X0Y0        BUFG (Prop_bufg_I_O)         0.091     3.341 r  clk_IBUF_BUFG_inst/O
                         net (fo=42, routed)          1.507     4.848    snake_controller/clk
    SLICE_X6Y53          FDPE                                         r  snake_controller/head_x_reg[4]/C

Slack:                    inf
  Source:                 reset
                            (input port)
  Destination:            snake_controller/head_y_reg[1]/CLR
                            (recovery check against rising-edge clock sys_clk_pin  {rise@0.000ns fall@5.000ns period=10.000ns})
  Path Group:             (none)
  Path Type:              Recovery (Max at Slow Process Corner)
  Data Path Delay:        4.922ns  (logic 1.453ns (29.517%)  route 3.469ns (70.483%))
  Logic Levels:           1  (IBUF=1)
  Clock Path Skew:        4.849ns (DCD - SCD + CPR)
    Destination Clock Delay (DCD):    4.849ns
    Source Clock Delay      (SCD):    0.000ns
    Clock Pessimism Removal (CPR):    0.000ns
  Clock Uncertainty:      0.025ns  ((TSJ^2 + TIJ^2)^1/2 + DJ) / 2 + PE
    Total System Jitter     (TSJ):    0.050ns
    Total Input Jitter      (TIJ):    0.000ns
    Discrete Jitter          (DJ):    0.000ns
    Phase Error              (PE):    0.000ns

    Location             Delay type                Incr(ns)  Path(ns)    Netlist Resource(s)
  -------------------------------------------------------------------    -------------------
    V17                                               0.000     0.000 f  reset (IN)
                         net (fo=0)                   0.000     0.000    reset
    V17                  IBUF (Prop_ibuf_I_O)         1.453     1.453 f  reset_IBUF_inst/O
                         net (fo=70, routed)          3.469     4.922    snake_controller/reset_IBUF
    SLICE_X6Y52          FDCE                                         f  snake_controller/head_y_reg[1]/CLR
  -------------------------------------------------------------------    -------------------

                         (clock sys_clk_pin rise edge)
                                                      0.000     0.000 r  
    W5                                                0.000     0.000 r  clk (IN)
                         net (fo=0)                   0.000     0.000    clk
    W5                   IBUF (Prop_ibuf_I_O)         1.388     1.388 r  clk_IBUF_inst/O
                         net (fo=1, routed)           1.862     3.250    clk_IBUF
    BUFGCTRL_X0Y0        BUFG (Prop_bufg_I_O)         0.091     3.341 r  clk_IBUF_BUFG_inst/O
                         net (fo=42, routed)          1.508     4.849    snake_controller/clk
    SLICE_X6Y52          FDCE                                         r  snake_controller/head_y_reg[1]/C

Slack:                    inf
  Source:                 reset
                            (input port)
  Destination:            snake_controller/head_y_reg[2]/PRE
                            (recovery check against rising-edge clock sys_clk_pin  {rise@0.000ns fall@5.000ns period=10.000ns})
  Path Group:             (none)
  Path Type:              Recovery (Max at Slow Process Corner)
  Data Path Delay:        4.922ns  (logic 1.453ns (29.517%)  route 3.469ns (70.483%))
  Logic Levels:           1  (IBUF=1)
  Clock Path Skew:        4.849ns (DCD - SCD + CPR)
    Destination Clock Delay (DCD):    4.849ns
    Source Clock Delay      (SCD):    0.000ns
    Clock Pessimism Removal (CPR):    0.000ns
  Clock Uncertainty:      0.025ns  ((TSJ^2 + TIJ^2)^1/2 + DJ) / 2 + PE
    Total System Jitter     (TSJ):    0.050ns
    Total Input Jitter      (TIJ):    0.000ns
    Discrete Jitter          (DJ):    0.000ns
    Phase Error              (PE):    0.000ns

    Location             Delay type                Incr(ns)  Path(ns)    Netlist Resource(s)
  -------------------------------------------------------------------    -------------------
    V17                                               0.000     0.000 f  reset (IN)
                         net (fo=0)                   0.000     0.000    reset
    V17                  IBUF (Prop_ibuf_I_O)         1.453     1.453 f  reset_IBUF_inst/O
                         net (fo=70, routed)          3.469     4.922    snake_controller/reset_IBUF
    SLICE_X6Y52          FDPE                                         f  snake_controller/head_y_reg[2]/PRE
  -------------------------------------------------------------------    -------------------

                         (clock sys_clk_pin rise edge)
                                                      0.000     0.000 r  
    W5                                                0.000     0.000 r  clk (IN)
                         net (fo=0)                   0.000     0.000    clk
    W5                   IBUF (Prop_ibuf_I_O)         1.388     1.388 r  clk_IBUF_inst/O
                         net (fo=1, routed)           1.862     3.250    clk_IBUF
    BUFGCTRL_X0Y0        BUFG (Prop_bufg_I_O)         0.091     3.341 r  clk_IBUF_BUFG_inst/O
                         net (fo=42, routed)          1.508     4.849    snake_controller/clk
    SLICE_X6Y52          FDPE                                         r  snake_controller/head_y_reg[2]/C

Slack:                    inf
  Source:                 reset
                            (input port)
  Destination:            snake_controller/head_y_reg[3]/PRE
                            (recovery check against rising-edge clock sys_clk_pin  {rise@0.000ns fall@5.000ns period=10.000ns})
  Path Group:             (none)
  Path Type:              Recovery (Max at Slow Process Corner)
  Data Path Delay:        4.922ns  (logic 1.453ns (29.517%)  route 3.469ns (70.483%))
  Logic Levels:           1  (IBUF=1)
  Clock Path Skew:        4.849ns (DCD - SCD + CPR)
    Destination Clock Delay (DCD):    4.849ns
    Source Clock Delay      (SCD):    0.000ns
    Clock Pessimism Removal (CPR):    0.000ns
  Clock Uncertainty:      0.025ns  ((TSJ^2 + TIJ^2)^1/2 + DJ) / 2 + PE
    Total System Jitter     (TSJ):    0.050ns
    Total Input Jitter      (TIJ):    0.000ns
    Discrete Jitter          (DJ):    0.000ns
    Phase Error              (PE):    0.000ns

    Location             Delay type                Incr(ns)  Path(ns)    Netlist Resource(s)
  -------------------------------------------------------------------    -------------------
    V17                                               0.000     0.000 f  reset (IN)
                         net (fo=0)                   0.000     0.000    reset
    V17                  IBUF (Prop_ibuf_I_O)         1.453     1.453 f  reset_IBUF_inst/O
                         net (fo=70, routed)          3.469     4.922    snake_controller/reset_IBUF
    SLICE_X6Y52          FDPE                                         f  snake_controller/head_y_reg[3]/PRE
  -------------------------------------------------------------------    -------------------

                         (clock sys_clk_pin rise edge)
                                                      0.000     0.000 r  
    W5                                                0.000     0.000 r  clk (IN)
                         net (fo=0)                   0.000     0.000    clk
    W5                   IBUF (Prop_ibuf_I_O)         1.388     1.388 r  clk_IBUF_inst/O
                         net (fo=1, routed)           1.862     3.250    clk_IBUF
    BUFGCTRL_X0Y0        BUFG (Prop_bufg_I_O)         0.091     3.341 r  clk_IBUF_BUFG_inst/O
                         net (fo=42, routed)          1.508     4.849    snake_controller/clk
    SLICE_X6Y52          FDPE                                         r  snake_controller/head_y_reg[3]/C

Slack:                    inf
  Source:                 reset
                            (input port)
  Destination:            snake_controller/head_y_reg[4]/CLR
                            (recovery check against rising-edge clock sys_clk_pin  {rise@0.000ns fall@5.000ns period=10.000ns})
  Path Group:             (none)
  Path Type:              Recovery (Max at Slow Process Corner)
  Data Path Delay:        4.922ns  (logic 1.453ns (29.517%)  route 3.469ns (70.483%))
  Logic Levels:           1  (IBUF=1)
  Clock Path Skew:        4.849ns (DCD - SCD + CPR)
    Destination Clock Delay (DCD):    4.849ns
    Source Clock Delay      (SCD):    0.000ns
    Clock Pessimism Removal (CPR):    0.000ns
  Clock Uncertainty:      0.025ns  ((TSJ^2 + TIJ^2)^1/2 + DJ) / 2 + PE
    Total System Jitter     (TSJ):    0.050ns
    Total Input Jitter      (TIJ):    0.000ns
    Discrete Jitter          (DJ):    0.000ns
    Phase Error              (PE):    0.000ns

    Location             Delay type                Incr(ns)  Path(ns)    Netlist Resource(s)
  -------------------------------------------------------------------    -------------------
    V17                                               0.000     0.000 f  reset (IN)
                         net (fo=0)                   0.000     0.000    reset
    V17                  IBUF (Prop_ibuf_I_O)         1.453     1.453 f  reset_IBUF_inst/O
                         net (fo=70, routed)          3.469     4.922    snake_controller/reset_IBUF
    SLICE_X6Y52          FDCE                                         f  snake_controller/head_y_reg[4]/CLR
  -------------------------------------------------------------------    -------------------

                         (clock sys_clk_pin rise edge)
                                                      0.000     0.000 r  
    W5                                                0.000     0.000 r  clk (IN)
                         net (fo=0)                   0.000     0.000    clk
    W5                   IBUF (Prop_ibuf_I_O)         1.388     1.388 r  clk_IBUF_inst/O
                         net (fo=1, routed)           1.862     3.250    clk_IBUF
    BUFGCTRL_X0Y0        BUFG (Prop_bufg_I_O)         0.091     3.341 r  clk_IBUF_BUFG_inst/O
                         net (fo=42, routed)          1.508     4.849    snake_controller/clk
    SLICE_X6Y52          FDCE                                         r  snake_controller/head_y_reg[4]/C





Min Delay Paths
--------------------------------------------------------------------------------------
Slack:                    inf
  Source:                 reset
                            (input port)
  Destination:            snake_controller/tick_counter_reg[5]/CLR
                            (removal check against rising-edge clock sys_clk_pin  {rise@0.000ns fall@5.000ns period=10.000ns})
  Path Group:             (none)
  Path Type:              Removal (Min at Fast Process Corner)
  Data Path Delay:        0.914ns  (logic 0.221ns (24.165%)  route 0.693ns (75.835%))
  Logic Levels:           1  (IBUF=1)
  Clock Path Skew:        1.991ns (DCD - SCD - CPR)
    Destination Clock Delay (DCD):    1.991ns
    Source Clock Delay      (SCD):    0.000ns
    Clock Pessimism Removal (CPR):    -0.000ns

    Location             Delay type                Incr(ns)  Path(ns)    Netlist Resource(s)
  -------------------------------------------------------------------    -------------------
    V17                                               0.000     0.000 f  reset (IN)
                         net (fo=0)                   0.000     0.000    reset
    V17                  IBUF (Prop_ibuf_I_O)         0.221     0.221 f  reset_IBUF_inst/O
                         net (fo=70, routed)          0.693     0.914    snake_controller/reset_IBUF
    SLICE_X3Y39          FDCE                                         f  snake_controller/tick_counter_reg[5]/CLR
  -------------------------------------------------------------------    -------------------

                         (clock sys_clk_pin rise edge)
                                                      0.000     0.000 r  
    W5                                                0.000     0.000 r  clk (IN)
                         net (fo=0)                   0.000     0.000    clk
    W5                   IBUF (Prop_ibuf_I_O)         0.414     0.414 r  clk_IBUF_inst/O
                         net (fo=1, routed)           0.685     1.099    clk_IBUF
    BUFGCTRL_X0Y0        BUFG (Prop_bufg_I_O)         0.029     1.128 r  clk_IBUF_BUFG_inst/O
                         net (fo=42, routed)          0.864     1.991    snake_controller/clk
    SLICE_X3Y39          FDCE                                         r  snake_controller/tick_counter_reg[5]/C

Slack:                    inf
  Source:                 reset
                            (input port)
  Destination:            snake_controller/tick_counter_reg[6]/CLR
                            (removal check against rising-edge clock sys_clk_pin  {rise@0.000ns fall@5.000ns period=10.000ns})
  Path Group:             (none)
  Path Type:              Removal (Min at Fast Process Corner)
  Data Path Delay:        0.914ns  (logic 0.221ns (24.165%)  route 0.693ns (75.835%))
  Logic Levels:           1  (IBUF=1)
  Clock Path Skew:        1.991ns (DCD - SCD - CPR)
    Destination Clock Delay (DCD):    1.991ns
    Source Clock Delay      (SCD):    0.000ns
    Clock Pessimism Removal (CPR):    -0.000ns

    Location             Delay type                Incr(ns)  Path(ns)    Netlist Resource(s)
  -------------------------------------------------------------------    -------------------
    V17                                               0.000     0.000 f  reset (IN)
                         net (fo=0)                   0.000     0.000    reset
    V17                  IBUF (Prop_ibuf_I_O)         0.221     0.221 f  reset_IBUF_inst/O
                         net (fo=70, routed)          0.693     0.914    snake_controller/reset_IBUF
    SLICE_X3Y39          FDCE                                         f  snake_controller/tick_counter_reg[6]/CLR
  -------------------------------------------------------------------    -------------------

                         (clock sys_clk_pin rise edge)
                                                      0.000     0.000 r  
    W5                                                0.000     0.000 r  clk (IN)
                         net (fo=0)                   0.000     0.000    clk
    W5                   IBUF (Prop_ibuf_I_O)         0.414     0.414 r  clk_IBUF_inst/O
                         net (fo=1, routed)           0.685     1.099    clk_IBUF
    BUFGCTRL_X0Y0        BUFG (Prop_bufg_I_O)         0.029     1.128 r  clk_IBUF_BUFG_inst/O
                         net (fo=42, routed)          0.864     1.991    snake_controller/clk
    SLICE_X3Y39          FDCE                                         r  snake_controller/tick_counter_reg[6]/C

Slack:                    inf
  Source:                 btnL
                            (input port)
  Destination:            snake_controller/next_dir_reg[1]/D
                            (rising edge-triggered cell FDPE clocked by sys_clk_pin  {rise@0.000ns fall@5.000ns period=10.000ns})
  Path Group:             (none)
  Path Type:              Hold (Min at Fast Process Corner)
  Data Path Delay:        0.920ns  (logic 0.264ns (28.746%)  route 0.655ns (71.254%))
  Logic Levels:           2  (IBUF=1 LUT6=1)
  Clock Path Skew:        1.987ns (DCD - SCD - CPR)
    Destination Clock Delay (DCD):    1.987ns
    Source Clock Delay      (SCD):    0.000ns
    Clock Pessimism Removal (CPR):    -0.000ns

    Location             Delay type                Incr(ns)  Path(ns)    Netlist Resource(s)
  -------------------------------------------------------------------    -------------------
    W19                                               0.000     0.000 r  btnL (IN)
                         net (fo=0)                   0.000     0.000    btnL
    W19                  IBUF (Prop_ibuf_I_O)         0.219     0.219 r  btnL_IBUF_inst/O
                         net (fo=3, routed)           0.655     0.875    snake_controller/btnL_IBUF
    SLICE_X5Y37          LUT6 (Prop_lut6_I4_O)        0.045     0.920 r  snake_controller/next_dir[1]_i_1/O
                         net (fo=1, routed)           0.000     0.920    snake_controller/next_dir[1]_i_1_n_0
    SLICE_X5Y37          FDPE                                         r  snake_controller/next_dir_reg[1]/D
  -------------------------------------------------------------------    -------------------

                         (clock sys_clk_pin rise edge)
                                                      0.000     0.000 r  
    W5                                                0.000     0.000 r  clk (IN)
                         net (fo=0)                   0.000     0.000    clk
    W5                   IBUF (Prop_ibuf_I_O)         0.414     0.414 r  clk_IBUF_inst/O
                         net (fo=1, routed)           0.685     1.099    clk_IBUF
    BUFGCTRL_X0Y0        BUFG (Prop_bufg_I_O)         0.029     1.128 r  clk_IBUF_BUFG_inst/O
                         net (fo=42, routed)          0.860     1.987    snake_controller/clk
    SLICE_X5Y37          FDPE                                         r  snake_controller/next_dir_reg[1]/C

Slack:                    inf
  Source:                 reset
                            (input port)
  Destination:            snake_controller/tick_counter_reg[14]/CLR
                            (removal check against rising-edge clock sys_clk_pin  {rise@0.000ns fall@5.000ns period=10.000ns})
  Path Group:             (none)
  Path Type:              Removal (Min at Fast Process Corner)
  Data Path Delay:        0.965ns  (logic 0.221ns (22.891%)  route 0.744ns (77.109%))
  Logic Levels:           1  (IBUF=1)
  Clock Path Skew:        1.992ns (DCD - SCD - CPR)
    Destination Clock Delay (DCD):    1.992ns
    Source Clock Delay      (SCD):    0.000ns
    Clock Pessimism Removal (CPR):    -0.000ns

    Location             Delay type                Incr(ns)  Path(ns)    Netlist Resource(s)
  -------------------------------------------------------------------    -------------------
    V17                                               0.000     0.000 f  reset (IN)
                         net (fo=0)                   0.000     0.000    reset
    V17                  IBUF (Prop_ibuf_I_O)         0.221     0.221 f  reset_IBUF_inst/O
                         net (fo=70, routed)          0.744     0.965    snake_controller/reset_IBUF
    SLICE_X3Y41          FDCE                                         f  snake_controller/tick_counter_reg[14]/CLR
  -------------------------------------------------------------------    -------------------

                         (clock sys_clk_pin rise edge)
                                                      0.000     0.000 r  
    W5                                                0.000     0.000 r  clk (IN)
                         net (fo=0)                   0.000     0.000    clk
    W5                   IBUF (Prop_ibuf_I_O)         0.414     0.414 r  clk_IBUF_inst/O
                         net (fo=1, routed)           0.685     1.099    clk_IBUF
    BUFGCTRL_X0Y0        BUFG (Prop_bufg_I_O)         0.029     1.128 r  clk_IBUF_BUFG_inst/O
                         net (fo=42, routed)          0.865     1.992    snake_controller/clk
    SLICE_X3Y41          FDCE                                         r  snake_controller/tick_counter_reg[14]/C

Slack:                    inf
  Source:                 reset
                            (input port)
  Destination:            snake_controller/tick_counter_reg[11]/CLR
                            (removal check against rising-edge clock sys_clk_pin  {rise@0.000ns fall@5.000ns period=10.000ns})
  Path Group:             (none)
  Path Type:              Removal (Min at Fast Process Corner)
  Data Path Delay:        0.969ns  (logic 0.221ns (22.797%)  route 0.748ns (77.203%))
  Logic Levels:           1  (IBUF=1)
  Clock Path Skew:        1.992ns (DCD - SCD - CPR)
    Destination Clock Delay (DCD):    1.992ns
    Source Clock Delay      (SCD):    0.000ns
    Clock Pessimism Removal (CPR):    -0.000ns

    Location             Delay type                Incr(ns)  Path(ns)    Netlist Resource(s)
  -------------------------------------------------------------------    -------------------
    V17                                               0.000     0.000 f  reset (IN)
                         net (fo=0)                   0.000     0.000    reset
    V17                  IBUF (Prop_ibuf_I_O)         0.221     0.221 f  reset_IBUF_inst/O
                         net (fo=70, routed)          0.748     0.969    snake_controller/reset_IBUF
    SLICE_X3Y40          FDCE                                         f  snake_controller/tick_counter_reg[11]/CLR
  -------------------------------------------------------------------    -------------------

                         (clock sys_clk_pin rise edge)
                                                      0.000     0.000 r  
    W5                                                0.000     0.000 r  clk (IN)
                         net (fo=0)                   0.000     0.000    clk
    W5                   IBUF (Prop_ibuf_I_O)         0.414     0.414 r  clk_IBUF_inst/O
                         net (fo=1, routed)           0.685     1.099    clk_IBUF
    BUFGCTRL_X0Y0        BUFG (Prop_bufg_I_O)         0.029     1.128 r  clk_IBUF_BUFG_inst/O
                         net (fo=42, routed)          0.865     1.992    snake_controller/clk
    SLICE_X3Y40          FDCE                                         r  snake_controller/tick_counter_reg[11]/C

Slack:                    inf
  Source:                 reset
                            (input port)
  Destination:            snake_controller/tick_counter_reg[12]/CLR
                            (removal check against rising-edge clock sys_clk_pin  {rise@0.000ns fall@5.000ns period=10.000ns})
  Path Group:             (none)
  Path Type:              Removal (Min at Fast Process Corner)
  Data Path Delay:        0.969ns  (logic 0.221ns (22.797%)  route 0.748ns (77.203%))
  Logic Levels:           1  (IBUF=1)
  Clock Path Skew:        1.992ns (DCD - SCD - CPR)
    Destination Clock Delay (DCD):    1.992ns
    Source Clock Delay      (SCD):    0.000ns
    Clock Pessimism Removal (CPR):    -0.000ns

    Location             Delay type                Incr(ns)  Path(ns)    Netlist Resource(s)
  -------------------------------------------------------------------    -------------------
    V17                                               0.000     0.000 f  reset (IN)
                         net (fo=0)                   0.000     0.000    reset
    V17                  IBUF (Prop_ibuf_I_O)         0.221     0.221 f  reset_IBUF_inst/O
                         net (fo=70, routed)          0.748     0.969    snake_controller/reset_IBUF
    SLICE_X3Y40          FDCE                                         f  snake_controller/tick_counter_reg[12]/CLR
  -------------------------------------------------------------------    -------------------

                         (clock sys_clk_pin rise edge)
                                                      0.000     0.000 r  
    W5                                                0.000     0.000 r  clk (IN)
                         net (fo=0)                   0.000     0.000    clk
    W5                   IBUF (Prop_ibuf_I_O)         0.414     0.414 r  clk_IBUF_inst/O
                         net (fo=1, routed)           0.685     1.099    clk_IBUF
    BUFGCTRL_X0Y0        BUFG (Prop_bufg_I_O)         0.029     1.128 r  clk_IBUF_BUFG_inst/O
                         net (fo=42, routed)          0.865     1.992    snake_controller/clk
    SLICE_X3Y40          FDCE                                         r  snake_controller/tick_counter_reg[12]/C

Slack:                    inf
  Source:                 reset
                            (input port)
  Destination:            snake_controller/tick_counter_reg[0]/CLR
                            (removal check against rising-edge clock sys_clk_pin  {rise@0.000ns fall@5.000ns period=10.000ns})
  Path Group:             (none)
  Path Type:              Removal (Min at Fast Process Corner)
  Data Path Delay:        1.024ns  (logic 0.221ns (21.577%)  route 0.803ns (78.423%))
  Logic Levels:           1  (IBUF=1)
  Clock Path Skew:        1.989ns (DCD - SCD - CPR)
    Destination Clock Delay (DCD):    1.989ns
    Source Clock Delay      (SCD):    0.000ns
    Clock Pessimism Removal (CPR):    -0.000ns

    Location             Delay type                Incr(ns)  Path(ns)    Netlist Resource(s)
  -------------------------------------------------------------------    -------------------
    V17                                               0.000     0.000 f  reset (IN)
                         net (fo=0)                   0.000     0.000    reset
    V17                  IBUF (Prop_ibuf_I_O)         0.221     0.221 f  reset_IBUF_inst/O
                         net (fo=70, routed)          0.803     1.024    snake_controller/reset_IBUF
    SLICE_X6Y38          FDCE                                         f  snake_controller/tick_counter_reg[0]/CLR
  -------------------------------------------------------------------    -------------------

                         (clock sys_clk_pin rise edge)
                                                      0.000     0.000 r  
    W5                                                0.000     0.000 r  clk (IN)
                         net (fo=0)                   0.000     0.000    clk
    W5                   IBUF (Prop_ibuf_I_O)         0.414     0.414 r  clk_IBUF_inst/O
                         net (fo=1, routed)           0.685     1.099    clk_IBUF
    BUFGCTRL_X0Y0        BUFG (Prop_bufg_I_O)         0.029     1.128 r  clk_IBUF_BUFG_inst/O
                         net (fo=42, routed)          0.862     1.989    snake_controller/clk
    SLICE_X6Y38          FDCE                                         r  snake_controller/tick_counter_reg[0]/C

Slack:                    inf
  Source:                 reset
                            (input port)
  Destination:            snake_controller/tick_counter_reg[18]/CLR
                            (removal check against rising-edge clock sys_clk_pin  {rise@0.000ns fall@5.000ns period=10.000ns})
  Path Group:             (none)
  Path Type:              Removal (Min at Fast Process Corner)
  Data Path Delay:        1.029ns  (logic 0.221ns (21.483%)  route 0.808ns (78.517%))
  Logic Levels:           1  (IBUF=1)
  Clock Path Skew:        1.992ns (DCD - SCD - CPR)
    Destination Clock Delay (DCD):    1.992ns
    Source Clock Delay      (SCD):    0.000ns
    Clock Pessimism Removal (CPR):    -0.000ns

    Location             Delay type                Incr(ns)  Path(ns)    Netlist Resource(s)
  -------------------------------------------------------------------    -------------------
    V17                                               0.000     0.000 f  reset (IN)
                         net (fo=0)                   0.000     0.000    reset
    V17                  IBUF (Prop_ibuf_I_O)         0.221     0.221 f  reset_IBUF_inst/O
                         net (fo=70, routed)          0.808     1.029    snake_controller/reset_IBUF
    SLICE_X3Y42          FDCE                                         f  snake_controller/tick_counter_reg[18]/CLR
  -------------------------------------------------------------------    -------------------

                         (clock sys_clk_pin rise edge)
                                                      0.000     0.000 r  
    W5                                                0.000     0.000 r  clk (IN)
                         net (fo=0)                   0.000     0.000    clk
    W5                   IBUF (Prop_ibuf_I_O)         0.414     0.414 r  clk_IBUF_inst/O
                         net (fo=1, routed)           0.685     1.099    clk_IBUF
    BUFGCTRL_X0Y0        BUFG (Prop_bufg_I_O)         0.029     1.128 r  clk_IBUF_BUFG_inst/O
                         net (fo=42, routed)          0.865     1.992    snake_controller/clk
    SLICE_X3Y42          FDCE                                         r  snake_controller/tick_counter_reg[18]/C

Slack:                    inf
  Source:                 reset
                            (input port)
  Destination:            snake_controller/current_dir_reg[0]/PRE
                            (removal check against rising-edge clock sys_clk_pin  {rise@0.000ns fall@5.000ns period=10.000ns})
  Path Group:             (none)
  Path Type:              Removal (Min at Fast Process Corner)
  Data Path Delay:        1.045ns  (logic 0.221ns (21.138%)  route 0.824ns (78.862%))
  Logic Levels:           1  (IBUF=1)
  Clock Path Skew:        1.989ns (DCD - SCD - CPR)
    Destination Clock Delay (DCD):    1.989ns
    Source Clock Delay      (SCD):    0.000ns
    Clock Pessimism Removal (CPR):    -0.000ns

    Location             Delay type                Incr(ns)  Path(ns)    Netlist Resource(s)
  -------------------------------------------------------------------    -------------------
    V17                                               0.000     0.000 f  reset (IN)
                         net (fo=0)                   0.000     0.000    reset
    V17                  IBUF (Prop_ibuf_I_O)         0.221     0.221 f  reset_IBUF_inst/O
                         net (fo=70, routed)          0.824     1.045    snake_controller/reset_IBUF
    SLICE_X5Y38          FDPE                                         f  snake_controller/current_dir_reg[0]/PRE
  -------------------------------------------------------------------    -------------------

                         (clock sys_clk_pin rise edge)
                                                      0.000     0.000 r  
    W5                                                0.000     0.000 r  clk (IN)
                         net (fo=0)                   0.000     0.000    clk
    W5                   IBUF (Prop_ibuf_I_O)         0.414     0.414 r  clk_IBUF_inst/O
                         net (fo=1, routed)           0.685     1.099    clk_IBUF
    BUFGCTRL_X0Y0        BUFG (Prop_bufg_I_O)         0.029     1.128 r  clk_IBUF_BUFG_inst/O
                         net (fo=42, routed)          0.862     1.989    snake_controller/clk
    SLICE_X5Y38          FDPE                                         r  snake_controller/current_dir_reg[0]/C

Slack:                    inf
  Source:                 reset
                            (input port)
  Destination:            snake_controller/next_dir_reg[0]/PRE
                            (removal check against rising-edge clock sys_clk_pin  {rise@0.000ns fall@5.000ns period=10.000ns})
  Path Group:             (none)
  Path Type:              Removal (Min at Fast Process Corner)
  Data Path Delay:        1.045ns  (logic 0.221ns (21.138%)  route 0.824ns (78.862%))
  Logic Levels:           1  (IBUF=1)
  Clock Path Skew:        1.989ns (DCD - SCD - CPR)
    Destination Clock Delay (DCD):    1.989ns
    Source Clock Delay      (SCD):    0.000ns
    Clock Pessimism Removal (CPR):    -0.000ns

    Location             Delay type                Incr(ns)  Path(ns)    Netlist Resource(s)
  -------------------------------------------------------------------    -------------------
    V17                                               0.000     0.000 f  reset (IN)
                         net (fo=0)                   0.000     0.000    reset
    V17                  IBUF (Prop_ibuf_I_O)         0.221     0.221 f  reset_IBUF_inst/O
                         net (fo=70, routed)          0.824     1.045    snake_controller/reset_IBUF
    SLICE_X5Y38          FDPE                                         f  snake_controller/next_dir_reg[0]/PRE
  -------------------------------------------------------------------    -------------------

                         (clock sys_clk_pin rise edge)
                                                      0.000     0.000 r  
    W5                                                0.000     0.000 r  clk (IN)
                         net (fo=0)                   0.000     0.000    clk
    W5                   IBUF (Prop_ibuf_I_O)         0.414     0.414 r  clk_IBUF_inst/O
                         net (fo=1, routed)           0.685     1.099    clk_IBUF
    BUFGCTRL_X0Y0        BUFG (Prop_bufg_I_O)         0.029     1.128 r  clk_IBUF_BUFG_inst/O
                         net (fo=42, routed)          0.862     1.989    snake_controller/clk
    SLICE_X5Y38          FDPE                                         r  snake_controller/next_dir_reg[0]/C





